test_0000	0.20269840955734253
test_0001	0.29986655712127686
test_0002	0.2262759804725647
test_0003	0.09644588828086853
test_0004	0.4072228968143463
test_0005	0.6067072153091431
test_0006	0.5295812487602234
test_0007	0.6807129383087158
test_0008	0.9877642393112183
test_0009	0.697617769241333
test_0010	0.19268295168876648
test_0011	0.09929519891738892
test_0012	0.12851765751838684
test_0013	0.18951907753944397
test_0014	0.05850741267204285
test_0015	0.23630166053771973
test_0016	0.13682517409324646
test_0017	0.016173899173736572
test_0018	0.1240014135837555
test_0019	0.2855032980442047
test_0020	0.15885058045387268
test_0021	0.757296085357666
test_0022	0.44801631569862366
test_0023	0.03024640679359436
test_0024	0.09076637029647827
test_0025	0.5856240391731262
test_0026	0.015516012907028198
test_0027	0.15494248270988464
test_0028	0.16986733675003052
test_0029	0.14470213651657104
test_0030	0.16513347625732422
test_0031	0.13668718934059143
test_0032	0.17346206307411194
test_0033	0.03187763690948486
test_0034	0.06886005401611328
test_0035	0.9866359233856201
test_0036	0.08204114437103271
test_0037	0.12313887476921082
test_0038	0.07383888959884644
test_0039	0.13149261474609375
test_0040	0.22400635480880737
test_0041	0.06547752022743225
test_0042	0.07862776517868042
test_0043	0.12299677729606628
test_0044	0.32755622267723083
test_0045	0.1392664611339569
test_0046	0.9879313707351685
test_0047	0.28049296140670776
test_0048	0.265083909034729
test_0049	0.9904714822769165
test_0050	0.3011001944541931
test_0051	0.6120426058769226
test_0052	0.12854981422424316
test_0053	0.4416400194168091
test_0054	0.965965986251831
test_0055	0.4402886629104614
test_0056	0.023072391748428345
test_0057	0.04540345072746277
test_0058	0.9712439775466919
test_0059	0.19533303380012512
test_0060	0.32666701078414917
test_0061	0.1520269811153412
test_0062	0.00791776180267334
test_0063	0.08469593524932861
test_0064	0.0875619649887085
test_0065	0.49558258056640625
test_0066	0.08260363340377808
test_0067	0.19121664762496948
test_0068	0.12005946040153503
test_0069	0.9901076555252075
test_0070	0.1414526104927063
test_0071	0.12109977006912231
test_0072	0.09285646677017212
test_0073	0.06368601322174072
test_0074	0.14387300610542297
test_0075	0.2968473434448242
test_0076	0.2741161584854126
test_0077	0.41335365176200867
test_0078	0.01357296109199524
test_0079	0.14261746406555176
test_0080	0.1053265631198883
test_0081	0.8886531591415405
test_0082	0.18053480982780457
test_0083	0.021788418292999268
test_0084	0.8108773231506348
test_0085	0.10004997253417969
test_0086	0.023220449686050415
test_0087	0.12599799036979675
test_0088	0.07212087512016296
test_0089	0.4598473608493805
test_0090	0.07526087760925293
test_0091	0.13194847106933594
test_0092	0.014919787645339966
test_0093	0.1655784547328949
test_0094	0.3785361349582672
test_0095	0.4629530906677246
test_0096	0.7683806419372559
test_0097	0.07323840260505676
test_0098	0.12823563814163208
test_0099	0.3253239691257477
test_0100	0.026897311210632324
test_0101	0.22703391313552856
test_0102	0.3914669156074524
test_0103	0.02081438899040222
test_0104	0.4907211363315582
test_0105	0.39966487884521484
test_0106	0.5269150733947754
test_0107	0.30227386951446533
test_0108	0.29608291387557983
test_0109	0.36280226707458496
test_0110	0.2645963728427887
test_0111	0.1106204092502594
test_0112	0.10675042867660522
test_0113	0.4616139531135559
test_0114	0.6243323087692261
test_0115	0.3818609118461609
test_0116	0.3070126175880432
test_0117	0.06637194752693176
test_0118	0.07712236046791077
test_0119	0.3190729022026062
test_0120	0.10730057954788208
test_0121	0.6829451322555542
test_0122	0.06061214208602905
test_0123	0.24145275354385376
test_0124	0.04505458474159241
test_0125	0.18835949897766113
test_0126	0.24690547585487366
test_0127	0.7857719659805298
test_0128	0.3370816707611084
test_0129	0.150189608335495
test_0130	0.11260384321212769
test_0131	0.1767357885837555
test_0132	0.2119351625442505
test_0133	0.32904741168022156
test_0134	0.24060621857643127
test_0135	0.3500455617904663
test_0136	0.048495709896087646
test_0137	0.09347128868103027
test_0138	0.7501956224441528
test_0139	0.04401898384094238
test_0140	0.2931865453720093
test_0141	0.012097418308258057
test_0142	0.28652793169021606
test_0143	0.4752628803253174
test_0144	0.24964496493339539
test_0145	0.38981932401657104
test_0146	0.42661669850349426
test_0147	0.1541585922241211
test_0148	0.5959645509719849
test_0149	0.11417976021766663
test_0150	0.22627043724060059
test_0151	0.4354693591594696
test_0152	0.23333728313446045
test_0153	0.1377812922000885
test_0154	0.052102625370025635
test_0155	0.15689796209335327
test_0156	0.2819685935974121
test_0157	0.4018915891647339
test_0158	0.18984052538871765
test_0159	0.1602165699005127
test_0160	0.30819952487945557
test_0161	0.1059824526309967
test_0162	0.21908703446388245
test_0163	0.32920581102371216
test_0164	0.028293490409851074
test_0165	0.03039070963859558
test_0166	0.0745067298412323
test_0167	0.0657205581665039
test_0168	0.17439958453178406
test_0169	0.1915290653705597
test_0170	0.11381101608276367
test_0171	0.029005765914916992
test_0172	0.3290635347366333
test_0173	0.04635092616081238
test_0174	0.15555956959724426
test_0175	0.20966503024101257
test_0176	0.48355063796043396
test_0177	0.039984822273254395
test_0178	0.25097858905792236
test_0179	0.11193516850471497
test_0180	0.0852399468421936
test_0181	0.09148606657981873
test_0182	0.5663438439369202
test_0183	0.03280249238014221
test_0184	0.05116879940032959
test_0185	0.32867732644081116
test_0186	0.09370845556259155
test_0187	0.1055901050567627
test_0188	0.22961056232452393
test_0189	0.09022718667984009
test_0190	0.10263898968696594
test_0191	0.1684999167919159
test_0192	0.13446536660194397
test_0193	0.0700036883354187
test_0194	0.21492943167686462
test_0195	0.06444969773292542
test_0196	0.08469262719154358
test_0197	0.19064861536026
test_0198	0.1605636179447174
test_0199	0.38829493522644043
test_0200	0.9665359258651733
test_0201	0.03143569827079773
test_0202	0.7912729978561401
test_0203	0.25143003463745117
test_0204	0.08804237842559814
test_0205	0.5790421366691589
test_0206	0.2446976900100708
test_0207	0.02017080783843994
test_0208	0.11689433455467224
test_0209	0.29598963260650635
test_0210	0.8470973968505859
test_0211	0.11252492666244507
test_0212	0.34797972440719604
test_0213	0.470215380191803
test_0214	0.1362004578113556
test_0215	0.3052980899810791
test_0216	0.3220398426055908
test_0217	0.15785515308380127
test_0218	0.02192094922065735
test_0219	0.9196397066116333
test_0220	0.08211901783943176
test_0221	0.06614956259727478
test_0222	0.14623865485191345
test_0223	0.17654839158058167
test_0224	0.2738640308380127
test_0225	0.022650599479675293
test_0226	0.0139484703540802
test_0227	0.34781575202941895
test_0228	0.2779998779296875
test_0229	0.08110001683235168
test_0230	0.5213555693626404
test_0231	0.3440432548522949
test_0232	0.5144295692443848
test_0233	0.2507175803184509
test_0234	0.22019287943840027
test_0235	0.09498700499534607
test_0236	0.45075517892837524
test_0237	0.5397913455963135
test_0238	0.2447257936000824
test_0239	0.05598258972167969
test_0240	0.060210585594177246
test_0241	0.13412675261497498
test_0242	0.30030983686447144
test_0243	0.13567474484443665
test_0244	0.12635570764541626
test_0245	0.022367775440216064
test_0246	0.6220429539680481
test_0247	0.6890794634819031
test_0248	0.9920649528503418
test_0249	0.15126416087150574
test_0250	0.3567326068878174
test_0251	0.15325576066970825
test_0252	0.31892848014831543
test_0253	0.027895241975784302
test_0254	0.09163230657577515
test_0255	0.23218920826911926
test_0256	0.4892803728580475
test_0257	0.2234012484550476
test_0258	0.10827800631523132
test_0259	0.18739262223243713
test_0260	0.16960906982421875
test_0261	0.9672529697418213
test_0262	0.3310900926589966
test_0263	0.06650897860527039
test_0264	0.24429956078529358
test_0265	0.22365674376487732
test_0266	0.027920842170715332
test_0267	0.3083019554615021
test_0268	0.12184661626815796
test_0269	0.1464758813381195
test_0270	0.11144354939460754
test_0271	0.8969237804412842
test_0272	0.1912844479084015
test_0273	0.02203384041786194
test_0274	0.07192248106002808
test_0275	0.285444974899292
test_0276	0.12409380078315735
test_0277	0.11698734760284424
test_0278	0.11344090104103088
test_0279	0.3478812873363495
test_0280	0.008121460676193237
test_0281	0.09417188167572021
test_0282	0.2365715503692627
test_0283	0.11329326033592224
test_0284	0.244344562292099
test_0285	0.1042347252368927
test_0286	0.3043151795864105
test_0287	0.416936457157135
test_0288	0.2795785963535309
test_0289	0.5311733484268188
test_0290	0.9940354228019714
test_0291	0.04467019438743591
test_0292	0.18376126885414124
test_0293	0.4308893084526062
test_0294	0.09398117661476135
test_0295	0.21705207228660583
test_0296	0.09447389841079712
test_0297	0.07184469699859619
test_0298	0.06336051225662231
test_0299	0.29871678352355957
test_0300	0.9850434064865112
test_0301	0.18864643573760986
test_0302	0.35972070693969727
test_0303	0.3862045109272003
test_0304	0.7964185476303101
test_0305	0.13842687010765076
test_0306	0.13832533359527588
test_0307	0.11125999689102173
test_0308	0.1041695773601532
test_0309	0.09475746750831604
test_0310	0.2957593500614166
test_0311	0.12066695094108582
test_0312	0.0717700719833374
test_0313	0.46683982014656067
test_0314	0.3659241497516632
test_0315	0.5019428730010986
test_0316	0.016044944524765015
test_0317	0.10958504676818848
test_0318	0.1506582498550415
test_0319	0.08505937457084656
test_0320	0.24504023790359497
test_0321	0.7204127311706543
test_0322	0.47022196650505066
test_0323	0.06317165493965149
test_0324	0.340978741645813
test_0325	0.023430049419403076
test_0326	0.3749375343322754
test_0327	0.1833724081516266
test_0328	0.19755250215530396
test_0329	0.03541296720504761
test_0330	0.4569239914417267
test_0331	0.0685032308101654
test_0332	0.1843200922012329
test_0333	0.07618975639343262
test_0334	0.11788111925125122
test_0335	0.0625867247581482
test_0336	0.37950852513313293
test_0337	0.16644534468650818
test_0338	0.567048966884613
test_0339	0.13756075501441956
test_0340	0.22184902429580688
test_0341	0.31962692737579346
test_0342	0.23823478817939758
test_0343	0.32504698634147644
test_0344	0.07145801186561584
test_0345	0.10959720611572266
test_0346	0.16591808199882507
test_0347	0.1574985384941101
test_0348	0.15246149897575378
test_0349	0.041570305824279785
test_0350	0.4295601546764374
test_0351	0.10748234391212463
test_0352	0.2070755660533905
test_0353	0.11110186576843262
test_0354	0.3600221574306488
test_0355	0.18631774187088013
test_0356	0.09801781177520752
test_0357	0.08834725618362427
test_0358	0.0360737144947052
test_0359	0.37722355127334595
test_0360	0.15895149111747742
test_0361	0.23130637407302856
test_0362	0.43290358781814575
test_0363	0.2927226722240448
test_0364	0.1493755578994751
test_0365	0.1680719256401062
test_0366	0.0407528281211853
test_0367	0.09099781513214111
test_0368	0.4184849262237549
test_0369	0.29745882749557495
test_0370	0.1820155680179596
test_0371	0.30465418100357056
test_0372	0.06821456551551819
test_0373	0.06659656763076782
test_0374	0.0156821608543396
test_0375	0.10223910212516785
test_0376	0.03153473138809204
test_0377	0.7384326457977295
test_0378	0.2181488573551178
test_0379	0.3874262571334839
test_0380	0.0799289345741272
test_0381	0.40338853001594543
test_0382	0.3398570120334625
test_0383	0.39072299003601074
test_0384	0.43262624740600586
test_0385	0.23820620775222778
test_0386	0.3799947500228882
test_0387	0.17823457717895508
test_0388	0.10240012407302856
test_0389	0.645423412322998
test_0390	0.25070369243621826
test_0391	0.20680654048919678
test_0392	0.9787956476211548
test_0393	0.14811044931411743
test_0394	0.298506498336792
test_0395	0.09126642346382141
test_0396	0.8456394672393799
test_0397	0.20419615507125854
test_0398	0.14769700169563293
test_0399	0.2211998999118805
test_0400	0.07971414923667908
test_0401	0.7593482136726379
test_0402	0.22833329439163208
test_0403	0.04733988642692566
test_0404	0.02234014868736267
test_0405	0.09299051761627197
test_0406	0.2378193438053131
test_0407	0.35620826482772827
test_0408	0.11194515228271484
test_0409	0.23697099089622498
test_0410	0.04792216420173645
test_0411	0.13120537996292114
test_0412	0.11452654004096985
test_0413	0.05576354265213013
test_0414	0.2054571807384491
test_0415	0.2626938223838806
test_0416	0.26625338196754456
test_0417	0.5753534436225891
test_0418	0.21462500095367432
test_0419	0.21558687090873718
test_0420	0.6160888075828552
test_0421	0.22752869129180908
test_0422	0.22519659996032715
test_0423	0.0922585129737854
test_0424	0.03366434574127197
test_0425	0.06701734662055969
test_0426	0.9770958423614502
test_0427	0.19888702034950256
test_0428	0.23039233684539795
test_0429	0.0779123306274414
test_0430	0.23620173335075378
test_0431	0.02609419822692871
test_0432	0.11015033721923828
test_0433	0.26366370916366577
test_0434	0.07399338483810425
test_0435	0.5368980765342712
test_0436	0.14597943425178528
test_0437	0.459930956363678
test_0438	0.34415203332901
test_0439	0.10969167947769165
test_0440	0.2245926558971405
test_0441	0.9833208322525024
test_0442	0.06401598453521729
test_0443	0.25580504536628723
test_0444	0.20951297879219055
test_0445	0.3047020435333252
test_0446	0.12213444709777832
test_0447	0.10412386059761047
test_0448	0.9237855076789856
test_0449	0.09204408526420593
test_0450	0.13618573546409607
test_0451	0.10566869378089905
test_0452	0.05156075954437256
test_0453	0.12505030632019043
test_0454	0.01556473970413208
test_0455	0.04583841562271118
test_0456	0.281988263130188
test_0457	0.14921441674232483
test_0458	0.9839237928390503
test_0459	0.02612549066543579
test_0460	0.04213407635688782
test_0461	0.04364243149757385
test_0462	0.19660502672195435
test_0463	0.9630969762802124
test_0464	0.22584614157676697
test_0465	0.07130354642868042
test_0466	0.07166162133216858
test_0467	0.2924346327781677
test_0468	0.5198262333869934
test_0469	0.0782003104686737
test_0470	0.4012533724308014
test_0471	0.22538530826568604
test_0472	0.980783224105835
test_0473	0.30986714363098145
test_0474	0.5176618695259094
test_0475	0.1231088936328888
test_0476	0.18952828645706177
test_0477	0.25818899273872375
test_0478	0.14085981249809265
test_0479	0.10837125778198242
test_0480	0.058144211769104004
test_0481	0.10696223378181458
test_0482	0.2954661548137665
test_0483	0.014340102672576904
test_0484	0.1257920265197754
test_0485	0.29565566778182983
test_0486	0.17333009839057922
test_0487	0.3857964873313904
test_0488	0.3454742431640625
test_0489	0.1076003909111023
test_0490	0.13113346695899963
test_0491	0.4876343905925751
test_0492	0.013701379299163818
test_0493	0.28454458713531494
test_0494	0.19934803247451782
test_0495	0.12177008390426636
test_0496	0.09868726134300232
test_0497	0.44747745990753174
test_0498	0.06998604536056519
test_0499	0.392457515001297
test_0500	0.25089770555496216
test_0501	0.06426450610160828
test_0502	0.8838419318199158
test_0503	0.9089662432670593
test_0504	0.12492430210113525
test_0505	0.7012656927108765
test_0506	0.15417355298995972
test_0507	0.04242461919784546
test_0508	0.6312276721000671
test_0509	0.2134459912776947
test_0510	0.048982322216033936
test_0511	0.612296998500824
test_0512	0.1391703486442566
test_0513	0.08245274424552917
test_0514	0.06515157222747803
test_0515	0.6028050780296326
test_0516	0.19356867671012878
test_0517	0.11141204833984375
test_0518	0.22150370478630066
test_0519	0.010858893394470215
test_0520	0.18015098571777344
test_0521	0.17733627557754517
test_0522	0.20426806807518005
test_0523	0.30742067098617554
test_0524	0.22437942028045654
test_0525	0.07757341861724854
test_0526	0.08177703619003296
test_0527	0.3079024851322174
test_0528	0.07224038243293762
test_0529	0.16472598910331726
test_0530	0.0096682608127594
test_0531	0.08945316076278687
test_0532	0.3186158835887909
test_0533	0.11831998825073242
test_0534	0.03308120369911194
test_0535	0.2787573039531708
test_0536	0.10979506373405457
test_0537	0.02487659454345703
test_0538	0.04542061686515808
test_0539	0.19428172707557678
test_0540	0.20868629217147827
test_0541	0.024571239948272705
test_0542	0.7626926898956299
test_0543	0.1853215992450714
test_0544	0.1926666498184204
test_0545	0.08443784713745117
test_0546	0.42601966857910156
test_0547	0.1329072117805481
test_0548	0.34922558069229126
test_0549	0.10510912537574768
test_0550	0.1752554476261139
test_0551	0.06006768345832825
test_0552	0.13031712174415588
test_0553	0.41732969880104065
test_0554	0.4633796513080597
test_0555	0.10008230805397034
test_0556	0.06437534093856812
test_0557	0.49566885828971863
test_0558	0.16656631231307983
test_0559	0.09097003936767578
test_0560	0.12536409497261047
test_0561	0.12952840328216553
test_0562	0.2804884612560272
test_0563	0.9959048628807068
test_0564	0.18574893474578857
test_0565	0.4563246965408325
test_0566	0.31019327044487
test_0567	0.31552308797836304
test_0568	0.04853641986846924
test_0569	0.3019806146621704
test_0570	0.0624316930770874
test_0571	0.9848902821540833
test_0572	0.11299288272857666
test_0573	0.018879562616348267
test_0574	0.050157248973846436
test_0575	0.2293340563774109
test_0576	0.28798842430114746
test_0577	0.10186707973480225
test_0578	0.16595187783241272
test_0579	0.07244357466697693
test_0580	0.19424858689308167
test_0581	0.18812867999076843
test_0582	0.07880634069442749
test_0583	0.13784337043762207
test_0584	0.08147194981575012
test_0585	0.41313135623931885
test_0586	0.8375112414360046
test_0587	0.12918871641159058
test_0588	0.04970431327819824
test_0589	0.02329045534133911
test_0590	0.22869360446929932
test_0591	0.16258761286735535
test_0592	0.46702054142951965
test_0593	0.28597456216812134
test_0594	0.08591222763061523
test_0595	0.4877023696899414
test_0596	0.14132222533226013
test_0597	0.14684998989105225
test_0598	0.16137099266052246
test_0599	0.19609710574150085
test_0600	0.2378636598587036
test_0601	0.08247759938240051
test_0602	0.025795787572860718
test_0603	0.5976955890655518
test_0604	0.014889568090438843
test_0605	0.1061977744102478
test_0606	0.43365880846977234
test_0607	0.12519732117652893
test_0608	0.0540485680103302
test_0609	0.06629201769828796
test_0610	0.3358216881752014
test_0611	0.8451105356216431
test_0612	0.2938300371170044
test_0613	0.17780888080596924
test_0614	0.1951887607574463
test_0615	0.8425726890563965
test_0616	0.029821664094924927
test_0617	0.12256479263305664
test_0618	0.1308644413948059
test_0619	0.4829254448413849
test_0620	0.992845892906189
test_0621	0.10709774494171143
test_0622	0.05013802647590637
test_0623	0.2078273594379425
test_0624	0.3300516903400421
test_0625	0.132784903049469
test_0626	0.40785178542137146
test_0627	0.04690909385681152
test_0628	0.1905122995376587
test_0629	0.1089959442615509
test_0630	0.31893086433410645
test_0631	0.06198051571846008
test_0632	0.996527910232544
test_0633	0.08986714482307434
test_0634	0.23878023028373718
test_0635	0.06677082180976868
test_0636	0.3551379144191742
test_0637	0.36337774991989136
test_0638	0.17713889479637146
test_0639	0.319080650806427
test_0640	0.26837337017059326
test_0641	0.08061400055885315
test_0642	0.4676220417022705
test_0643	0.08050665259361267
test_0644	0.1601637899875641
test_0645	0.07782864570617676
test_0646	0.15570718050003052
test_0647	0.5218251347541809
test_0648	0.2150213122367859
test_0649	0.021409958600997925
test_0650	0.1879473328590393
test_0651	0.1820353865623474
test_0652	0.613063633441925
test_0653	0.10081005096435547
test_0654	0.17714059352874756
test_0655	0.3080598711967468
test_0656	0.6450232267379761
test_0657	0.014091253280639648
test_0658	0.15671738982200623
test_0659	0.1339164674282074
test_0660	0.5961275100708008
test_0661	0.20748338103294373
test_0662	0.11720624566078186
test_0663	0.06416302919387817
test_0664	0.005415290594100952
test_0665	0.3102555274963379
test_0666	0.6342567205429077
test_0667	0.6312987804412842
test_0668	0.16517096757888794
test_0669	0.18950670957565308
test_0670	0.3388116955757141
test_0671	0.47629085183143616
test_0672	0.37496864795684814
test_0673	0.1617521345615387
test_0674	0.4297640025615692
test_0675	0.13010504841804504
test_0676	0.030140578746795654
test_0677	0.0782141387462616
test_0678	0.3475545048713684
test_0679	0.12392076849937439
test_0680	0.09996989369392395
test_0681	0.043890148401260376
test_0682	0.19706037640571594
test_0683	0.7794463634490967
test_0684	0.8777302503585815
test_0685	0.2556222975254059
test_0686	0.020631790161132812
test_0687	0.16751796007156372
test_0688	0.05786046385765076
test_0689	0.203134685754776
test_0690	0.3648275136947632
test_0691	0.42344874143600464
test_0692	0.10533937811851501
test_0693	0.3049064874649048
test_0694	0.17304903268814087
test_0695	0.3621322214603424
test_0696	0.09179016947746277
test_0697	0.03970596194267273
test_0698	0.21593886613845825
test_0699	0.051591187715530396
test_0700	0.019300073385238647
test_0701	0.08575046062469482
test_0702	0.2949290871620178
test_0703	0.5715203881263733
test_0704	0.2396324872970581
test_0705	0.8105682134628296
test_0706	0.23836082220077515
test_0707	0.0895216166973114
test_0708	0.4187158942222595
test_0709	0.12119704484939575
test_0710	0.2683679461479187
test_0711	0.15179571509361267
test_0712	0.20296326279640198
test_0713	0.21196779608726501
test_0714	0.17003145813941956
test_0715	0.1083105206489563
test_0716	0.2106541395187378
test_0717	0.024996310472488403
test_0718	0.18856507539749146
test_0719	0.12021291255950928
test_0720	0.04759722948074341
test_0721	0.3904537856578827
test_0722	0.18446719646453857
test_0723	0.4139161705970764
test_0724	0.04332631826400757
test_0725	0.08663156628608704
test_0726	0.4221518635749817
test_0727	0.19033151865005493
test_0728	0.19580119848251343
test_0729	0.2041638195514679
test_0730	0.8609359264373779
test_0731	0.23694929480552673
test_0732	0.055995434522628784
test_0733	0.11286026239395142
test_0734	0.03665071725845337
test_0735	0.1505749523639679
test_0736	0.21303820610046387
test_0737	0.7485635876655579
test_0738	0.058015376329422
test_0739	0.5736021399497986
test_0740	0.015152513980865479
test_0741	0.0323658287525177
test_0742	0.3128781318664551
test_0743	0.10660243034362793
test_0744	0.029820501804351807
test_0745	0.09995383024215698
test_0746	0.19199150800704956
test_0747	0.03558272123336792
test_0748	0.30721795558929443
test_0749	0.4598526656627655
test_0750	0.6706165075302124
test_0751	0.36422693729400635
test_0752	0.03010919690132141
test_0753	0.10185033082962036
test_0754	0.2554597854614258
test_0755	0.08174082636833191
test_0756	0.0972183346748352
test_0757	0.45482608675956726
test_0758	0.44249391555786133
test_0759	0.19332081079483032
test_0760	0.13303864002227783
test_0761	0.11496081948280334
test_0762	0.3861025273799896
test_0763	0.07227620482444763
test_0764	0.10915282368659973
test_0765	0.14658275246620178
test_0766	0.03714790940284729
test_0767	0.04281452298164368
test_0768	0.19579127430915833
test_0769	0.03256216645240784
test_0770	0.14376774430274963
test_0771	0.07426267862319946
test_0772	0.06948632001876831
test_0773	0.09461554884910583
test_0774	0.02886822819709778
test_0775	0.11738282442092896
test_0776	0.16242411732673645
test_0777	0.4834589660167694
test_0778	0.1849479079246521
test_0779	0.060392558574676514
test_0780	0.9437280893325806
test_0781	0.05645516514778137
test_0782	0.19029176235198975
test_0783	0.409035325050354
test_0784	0.30095309019088745
test_0785	0.28093039989471436
test_0786	0.4071981608867645
test_0787	0.0643194317817688
test_0788	0.2374151051044464
test_0789	0.10594013333320618
test_0790	0.27018624544143677
test_0791	0.059170663356781006
test_0792	0.11043816804885864
test_0793	0.07403326034545898
test_0794	0.16083097457885742
test_0795	0.08024799823760986
test_0796	0.0876154899597168
test_0797	0.24676954746246338
test_0798	0.10706266760826111
test_0799	0.07772532105445862
test_0800	0.20909205079078674
test_0801	0.9736354947090149
test_0802	0.10424220561981201
test_0803	0.06594684720039368
test_0804	0.43781736493110657
test_0805	0.31695374846458435
test_0806	0.15369468927383423
test_0807	0.23121458292007446
test_0808	0.1611926257610321
test_0809	0.6568644046783447
test_0810	0.09398776292800903
test_0811	0.031733155250549316
test_0812	0.03737825155258179
test_0813	0.04037317633628845
test_0814	0.10019299387931824
test_0815	0.1992049515247345
test_0816	0.06765541434288025
test_0817	0.25856250524520874
test_0818	0.11615759134292603
test_0819	0.056432753801345825
test_0820	0.3903766870498657
test_0821	0.08374336361885071
test_0822	0.21361830830574036
test_0823	0.6110601425170898
test_0824	0.046581268310546875
test_0825	0.3703516721725464
test_0826	0.2353787124156952
test_0827	0.17634207010269165
test_0828	0.19783839583396912
test_0829	0.19760119915008545
test_0830	0.14172065258026123
test_0831	0.060236841440200806
test_0832	0.08408278226852417
test_0833	0.878920316696167
test_0834	0.8732313513755798
test_0835	0.1383489966392517
test_0836	0.03453817963600159
test_0837	0.1528451144695282
test_0838	0.26719826459884644
test_0839	0.19479522109031677
test_0840	0.16366815567016602
test_0841	0.17033573985099792
test_0842	0.30110615491867065
test_0843	0.24108722805976868
test_0844	0.261588454246521
test_0845	0.13059872388839722
test_0846	0.021398603916168213
test_0847	0.1679900884628296
test_0848	0.137602299451828
test_0849	0.1052873432636261
test_0850	0.3676277995109558
test_0851	0.11813679337501526
test_0852	0.45683544874191284
test_0853	0.05798587203025818
test_0854	0.07954707741737366
test_0855	0.5165266394615173
test_0856	0.45946043729782104
test_0857	0.32159364223480225
test_0858	0.10234716534614563
test_0859	0.07512331008911133
test_0860	0.062353312969207764
test_0861	0.06872633099555969
test_0862	0.7902380228042603
test_0863	0.10214942693710327
test_0864	0.3285459876060486
test_0865	0.3206835091114044
test_0866	0.03963252902030945
test_0867	0.2552878260612488
test_0868	0.1799219250679016
test_0869	0.024781733751296997
test_0870	0.09648182988166809
test_0871	0.06803750991821289
test_0872	0.1960362195968628
test_0873	0.17134857177734375
test_0874	0.4453281760215759
test_0875	0.15997180342674255
test_0876	0.052814334630966187
test_0877	0.06159549951553345
test_0878	0.06635779142379761
test_0879	0.033392101526260376
test_0880	0.0667523443698883
test_0881	0.453267365694046
test_0882	0.32632315158843994
test_0883	0.6212687492370605
test_0884	0.29837143421173096
test_0885	0.13715144991874695
test_0886	0.18042096495628357
test_0887	0.10494232177734375
test_0888	0.15957054495811462
test_0889	0.1719914972782135
test_0890	0.03607955574989319
test_0891	0.4271523952484131
test_0892	0.2752554416656494
test_0893	0.29145750403404236
test_0894	0.26658886671066284
test_0895	0.053545475006103516
test_0896	0.15239864587783813
test_0897	0.3548547923564911
test_0898	0.058979183435440063
test_0899	0.10647130012512207
test_0900	0.1693269908428192
test_0901	0.34565943479537964
test_0902	0.040793538093566895
test_0903	0.1340351402759552
test_0904	0.03177914023399353
test_0905	0.14482232928276062
test_0906	0.18023568391799927
test_0907	0.09057962894439697
test_0908	0.18136760592460632
test_0909	0.9127724170684814
test_0910	0.1546529233455658
test_0911	0.8754416704177856
test_0912	0.1632019579410553
test_0913	0.8606423139572144
test_0914	0.19056925177574158
test_0915	0.2424890697002411
test_0916	0.24388402700424194
test_0917	0.21749860048294067
test_0918	0.3361342251300812
test_0919	0.15120267868041992
test_0920	0.22591760754585266
test_0921	0.13984113931655884
test_0922	0.2663608193397522
test_0923	0.025200366973876953
test_0924	0.13740932941436768
test_0925	0.10455068945884705
test_0926	0.9954525232315063
test_0927	0.07710987329483032
test_0928	0.055773407220840454
test_0929	0.02499985694885254
test_0930	0.006806403398513794
test_0931	0.3382365107536316
test_0932	0.02010047435760498
test_0933	0.14761537313461304
test_0934	0.3241001069545746
test_0935	0.30779775977134705
test_0936	0.18702545762062073
test_0937	0.4472163915634155
test_0938	0.5134336948394775
test_0939	0.1389431655406952
test_0940	0.2983238697052002
test_0941	0.09217411279678345
test_0942	0.03632110357284546
test_0943	0.014902204275131226
test_0944	0.33048588037490845
test_0945	0.08485910296440125
test_0946	0.14128103852272034
test_0947	0.03826040029525757
test_0948	0.161871999502182
test_0949	0.6962758302688599
test_0950	0.9909063577651978
test_0951	0.40856707096099854
test_0952	0.035706162452697754
test_0953	0.02766972780227661
test_0954	0.021301686763763428
test_0955	0.13521355390548706
test_0956	0.28748899698257446
test_0957	0.18328148126602173
test_0958	0.5251980423927307
test_0959	0.01186990737915039
test_0960	0.04025924205780029
test_0961	0.07014545798301697
test_0962	0.07339972257614136
test_0963	0.023556619882583618
test_0964	0.05586919188499451
test_0965	0.05463206768035889
test_0966	0.10046049952507019
test_0967	0.21693074703216553
test_0968	0.030398666858673096
test_0969	0.14776542782783508
test_0970	0.0363389253616333
test_0971	0.32296812534332275
test_0972	0.5783239006996155
test_0973	0.1716618835926056
test_0974	0.2835938632488251
test_0975	0.21623831987380981
test_0976	0.3059932589530945
test_0977	0.16839399933815002
test_0978	0.20960694551467896
test_0979	0.056680649518966675
test_0980	0.3033815622329712
test_0981	0.16652485728263855
test_0982	0.1746681034564972
test_0983	0.3324393033981323
test_0984	0.09279873967170715
test_0985	0.2407977283000946
test_0986	0.9232314825057983
test_0987	0.2711050808429718
test_0988	0.16933125257492065
test_0989	0.08181047439575195
test_0990	0.14378142356872559
test_0991	0.04375100135803223
test_0992	0.10167288780212402
test_0993	0.24381908774375916
test_0994	0.19441792368888855
test_0995	0.13453978300094604
test_0996	0.9488744735717773
test_0997	0.16931432485580444
test_0998	0.5075283050537109
test_0999	0.10574153065681458
test_1000	0.3144527077674866
test_1001	0.11924612522125244
test_1002	0.20582109689712524
test_1003	0.15124168992042542
test_1004	0.12570062279701233
test_1005	0.24805951118469238
test_1006	0.14348557591438293
test_1007	0.05157679319381714
test_1008	0.03700911998748779
test_1009	0.07822439074516296
test_1010	0.419582337141037
test_1011	0.27396360039711
test_1012	0.14182421565055847
test_1013	0.12646591663360596
test_1014	0.0922439694404602
test_1015	0.067628413438797
test_1016	0.2762156128883362
test_1017	0.48952552676200867
test_1018	0.05016377568244934
test_1019	0.051609426736831665
test_1020	0.08758631348609924
test_1021	0.04928848147392273
test_1022	0.00977790355682373
test_1023	0.10227468609809875
test_1024	0.33363544940948486
test_1025	0.1782451868057251
test_1026	0.18024656176567078
test_1027	0.2446002960205078
test_1028	0.11541765928268433
test_1029	0.37560218572616577
test_1030	0.020923852920532227
test_1031	0.4310048222541809
test_1032	0.7021831274032593
test_1033	0.14168572425842285
test_1034	0.05084076523780823
test_1035	0.16951119899749756
test_1036	0.15204021334648132
test_1037	0.013028472661972046
test_1038	0.4463522434234619
test_1039	0.369988352060318
test_1040	0.04274764657020569
test_1041	0.15939563512802124
test_1042	0.039225101470947266
test_1043	0.11727899312973022
test_1044	0.21034663915634155
test_1045	0.27016696333885193
test_1046	0.17436647415161133
test_1047	0.2162451148033142
test_1048	0.07624927163124084
test_1049	0.09342131018638611
test_1050	0.14357993006706238
test_1051	0.10399332642555237
test_1052	0.3403276801109314
test_1053	0.009232491254806519
test_1054	0.031024932861328125
test_1055	0.43697816133499146
test_1056	0.12229388952255249
test_1057	0.03229275345802307
test_1058	0.8926275968551636
test_1059	0.06294289231300354
test_1060	0.07335615158081055
test_1061	0.10029816627502441
test_1062	0.17298102378845215
test_1063	0.22919565439224243
test_1064	0.05965065956115723
test_1065	0.26101675629615784
test_1066	0.2510681450366974
test_1067	0.3283645510673523
test_1068	0.2564466595649719
test_1069	0.18933388590812683
test_1070	0.05684420466423035
test_1071	0.0740530788898468
test_1072	0.17302951216697693
test_1073	0.3894205093383789
test_1074	0.08526742458343506
test_1075	0.20053425431251526
test_1076	0.27542978525161743
test_1077	0.02764865756034851
test_1078	0.024210065603256226
test_1079	0.08919769525527954
test_1080	0.05661192536354065
test_1081	0.13785332441329956
test_1082	0.08898961544036865
test_1083	0.04927343130111694
test_1084	0.7738444209098816
test_1085	0.2403220236301422
test_1086	0.18306666612625122
test_1087	0.12790009379386902
test_1088	0.24971812963485718
test_1089	0.1786922812461853
test_1090	0.09538790583610535
test_1091	0.39765217900276184
test_1092	0.06910952925682068
test_1093	0.1090555489063263
test_1094	0.13710355758666992
test_1095	0.14470595121383667
test_1096	0.5682960748672485
test_1097	0.4233086109161377
test_1098	0.09693202376365662
test_1099	0.3988149166107178
test_1100	0.2637256681919098
test_1101	0.5259662866592407
test_1102	0.12841013073921204
test_1103	0.10561409592628479
test_1104	0.21858057379722595
test_1105	0.19368994235992432
test_1106	0.2838001251220703
test_1107	0.5147502422332764
test_1108	0.32904714345932007
test_1109	0.056829363107681274
test_1110	0.0824434757232666
test_1111	0.045960694551467896
test_1112	0.04876351356506348
test_1113	0.23398664593696594
test_1114	0.2741747498512268
test_1115	0.269595205783844
test_1116	0.4307693541049957
test_1117	0.12393751740455627
test_1118	0.13545578718185425
test_1119	0.1312505602836609
test_1120	0.865135669708252
test_1121	0.372619092464447
test_1122	0.2944255769252777
test_1123	0.3295600414276123
test_1124	0.4411613643169403
test_1125	0.11253008246421814
test_1126	0.30590564012527466
test_1127	0.05447313189506531
test_1128	0.6925854682922363
test_1129	0.2268396019935608
test_1130	0.03767773509025574
test_1131	0.13582438230514526
test_1132	0.34290358424186707
test_1133	0.6320817470550537
test_1134	0.06623011827468872
test_1135	0.2139929234981537
test_1136	0.33375227451324463
test_1137	0.1537190079689026
test_1138	0.09722369909286499
test_1139	0.26322609186172485
test_1140	0.06020525097846985
test_1141	0.118620365858078
test_1142	0.004884272813796997
test_1143	0.2243223488330841
test_1144	0.08030912280082703
test_1145	0.041674673557281494
test_1146	0.16223526000976562
test_1147	0.7845790982246399
test_1148	0.11908704042434692
test_1149	0.0533202588558197
test_1150	0.3714855909347534
test_1151	0.3196682333946228
test_1152	0.19489029049873352
test_1153	0.4468807578086853
test_1154	0.19013285636901855
test_1155	0.08867555856704712
test_1156	0.42025551199913025
test_1157	0.37411606311798096
test_1158	0.1724119484424591
test_1159	0.23237723112106323
test_1160	0.21381491422653198
test_1161	0.2859504222869873
test_1162	0.14729365706443787
test_1163	0.17220363020896912
test_1164	0.22307807207107544
test_1165	0.18624651432037354
test_1166	0.22455516457557678
test_1167	0.07682502269744873
test_1168	0.27053600549697876
test_1169	0.33597123622894287
test_1170	0.6645776629447937
test_1171	0.3833121359348297
test_1172	0.155271977186203
test_1173	0.11939936876296997
test_1174	0.1829579770565033
test_1175	0.12370723485946655
test_1176	0.14921453595161438
test_1177	0.16050821542739868
test_1178	0.13724461197853088
test_1179	0.17795878648757935
test_1180	0.4302935302257538
test_1181	0.14380484819412231
test_1182	0.07922810316085815
test_1183	0.15776681900024414
test_1184	0.3567295968532562
test_1185	0.9062632322311401
test_1186	0.10143977403640747
test_1187	0.08293169736862183
test_1188	0.1587401032447815
test_1189	0.0658189058303833
test_1190	0.2601836323738098
test_1191	0.16487440466880798
test_1192	0.10834658145904541
test_1193	0.11023321747779846
test_1194	0.1075395941734314
test_1195	0.3064934015274048
test_1196	0.36420944333076477
test_1197	0.09032657742500305
test_1198	0.12100738286972046
test_1199	0.2541983127593994
test_1200	0.3783819079399109
test_1201	0.02770388126373291
test_1202	0.10259869694709778
test_1203	0.35125094652175903
test_1204	0.14513149857521057
test_1205	0.2629914879798889
test_1206	0.4313984215259552
test_1207	0.3753252625465393
test_1208	0.0727020800113678
test_1209	0.013687700033187866
test_1210	0.23493823409080505
test_1211	0.1182941198348999
test_1212	0.28102976083755493
test_1213	0.06319129467010498
test_1214	0.5033445954322815
test_1215	0.31823086738586426
test_1216	0.2613595724105835
test_1217	0.18958237767219543
test_1218	0.10109981894493103
test_1219	0.5505399703979492
test_1220	0.1181151270866394
test_1221	0.04197162389755249
test_1222	0.21003997325897217
test_1223	0.4509086310863495
test_1224	0.20861512422561646
test_1225	0.9688965082168579
test_1226	0.16240939497947693
test_1227	0.049646735191345215
test_1228	0.081907719373703
test_1229	0.049856364727020264
test_1230	0.14284777641296387
test_1231	0.1774606704711914
test_1232	0.32522720098495483
test_1233	0.13897258043289185
test_1234	0.430392324924469
test_1235	0.9452571868896484
test_1236	0.14969077706336975
test_1237	0.20763084292411804
test_1238	0.22306287288665771
test_1239	0.09597966074943542
test_1240	0.17587798833847046
test_1241	0.20909380912780762
test_1242	0.07964277267456055
test_1243	0.9455500841140747
test_1244	0.26152169704437256
test_1245	0.9584726691246033
test_1246	0.08858230710029602
test_1247	0.13789358735084534
test_1248	0.021645009517669678
test_1249	0.642242431640625
test_1250	0.20993775129318237
test_1251	0.1194232702255249
test_1252	0.04611581563949585
test_1253	0.07803907990455627
test_1254	0.06259256601333618
test_1255	0.4034777879714966
test_1256	0.4618603587150574
test_1257	0.03464755415916443
test_1258	0.3180791735649109
test_1259	0.26939085125923157
test_1260	0.16505151987075806
test_1261	0.31135159730911255
test_1262	0.10938656330108643
test_1263	0.43490469455718994
test_1264	0.13640817999839783
test_1265	0.4090766906738281
test_1266	0.40496838092803955
test_1267	0.9799082279205322
test_1268	0.13075676560401917
test_1269	0.029698967933654785
test_1270	0.23829412460327148
test_1271	0.06408834457397461
test_1272	0.18662339448928833
test_1273	0.277038037776947
test_1274	0.21594330668449402
test_1275	0.3107813000679016
test_1276	0.012597471475601196
test_1277	0.11956894397735596
test_1278	0.30477893352508545
test_1279	0.565296471118927
test_1280	0.09282803535461426
test_1281	0.31406933069229126
test_1282	0.19062301516532898
test_1283	0.2872667908668518
test_1284	0.1671893298625946
test_1285	0.10617434978485107
test_1286	0.39327725768089294
test_1287	0.1129179298877716
test_1288	0.2793647348880768
test_1289	0.04271635413169861
test_1290	0.07148560881614685
test_1291	0.6003491878509521
test_1292	0.284628689289093
test_1293	0.11801162362098694
test_1294	0.0490780770778656
test_1295	0.4720284044742584
test_1296	0.222854346036911
test_1297	0.06694251298904419
test_1298	0.1611621379852295
test_1299	0.10327792167663574
test_1300	0.194115549325943
test_1301	0.11425513029098511
test_1302	0.03546425700187683
test_1303	0.24727723002433777
test_1304	0.03979489207267761
test_1305	0.30608320236206055
test_1306	0.3471840023994446
test_1307	0.48882943391799927
test_1308	0.12622958421707153
test_1309	0.19048422574996948
test_1310	0.1518571674823761
test_1311	0.07873958349227905
test_1312	0.2473762035369873
test_1313	0.19585326313972473
test_1314	0.17276105284690857
test_1315	0.18609794974327087
test_1316	0.06796813011169434
test_1317	0.221742182970047
test_1318	0.17163518071174622
test_1319	0.6433112621307373
test_1320	0.11823320388793945
test_1321	0.10809442400932312
test_1322	0.9838240146636963
test_1323	0.4279796779155731
test_1324	0.1148185133934021
test_1325	0.04197993874549866
test_1326	0.3891593813896179
test_1327	0.2662754952907562
test_1328	0.6034438610076904
test_1329	0.09867209196090698
test_1330	0.1301647424697876
test_1331	0.2682996988296509
test_1332	0.41822516918182373
test_1333	0.14602139592170715
test_1334	0.3003297746181488
test_1335	0.09608805179595947
test_1336	0.28382766246795654
test_1337	0.015257030725479126
test_1338	0.18381568789482117
test_1339	0.19511350989341736
test_1340	0.47550317645072937
test_1341	0.5932334661483765
test_1342	0.33426469564437866
test_1343	0.15308791399002075
test_1344	0.03505101799964905
test_1345	0.4533640742301941
test_1346	0.3371869921684265
test_1347	0.15485167503356934
test_1348	0.21722924709320068
test_1349	0.3945327401161194
test_1350	0.09582039713859558
test_1351	0.15466389060020447
test_1352	0.23891416192054749
test_1353	0.30112114548683167
test_1354	0.10903620719909668
test_1355	0.18006935715675354
test_1356	0.1889476180076599
test_1357	0.40955933928489685
test_1358	0.18101578950881958
test_1359	0.08665871620178223
test_1360	0.09726452827453613
test_1361	0.08572819828987122
test_1362	0.13991722464561462
test_1363	0.1462285816669464
test_1364	0.32370516657829285
test_1365	0.0448203980922699
test_1366	0.02890583872795105
test_1367	0.21433308720588684
test_1368	0.2502245604991913
test_1369	0.9915825724601746
test_1370	0.06152057647705078
test_1371	0.19964119791984558
test_1372	0.9708734750747681
test_1373	0.07354608178138733
test_1374	0.03303557634353638
test_1375	0.12287202477455139
test_1376	0.06662517786026001
test_1377	0.07679638266563416
test_1378	0.2750478982925415
test_1379	0.17007195949554443
test_1380	0.06223383545875549
test_1381	0.15405422449111938
test_1382	0.05488124489784241
test_1383	0.10884588956832886
test_1384	0.13883861899375916
test_1385	0.2546676993370056
test_1386	0.6985194683074951
test_1387	0.1909904181957245
test_1388	0.11177408695220947
test_1389	0.25135737657546997
test_1390	0.21961912512779236
test_1391	0.04506427049636841
test_1392	0.09700196981430054
test_1393	0.2426803708076477
test_1394	0.41192370653152466
test_1395	0.12062177062034607
test_1396	0.07576894760131836
test_1397	0.20198345184326172
test_1398	0.9489849805831909
test_1399	0.5621411204338074
test_1400	0.2905462980270386
test_1401	0.9950060248374939
test_1402	0.11987203359603882
test_1403	0.19653037190437317
test_1404	0.9731050729751587
test_1405	0.2990347146987915
test_1406	0.5198021531105042
test_1407	0.7484198212623596
test_1408	0.13843119144439697
test_1409	0.16012299060821533
test_1410	0.07587355375289917
test_1411	0.3014441132545471
test_1412	0.3182920217514038
test_1413	0.018669426441192627
test_1414	0.28865399956703186
test_1415	0.2654217481613159
test_1416	0.0511326789855957
test_1417	0.3106268644332886
test_1418	0.0818907618522644
test_1419	0.5247081518173218
test_1420	0.1453876793384552
test_1421	0.28072041273117065
test_1422	0.18601995706558228
test_1423	0.06689199805259705
test_1424	0.016326487064361572
test_1425	0.11591857671737671
test_1426	0.09348928928375244
test_1427	0.427506685256958
test_1428	0.3888653814792633
test_1429	0.4369990825653076
test_1430	0.18519634008407593
test_1431	0.04151090979576111
test_1432	0.14640146493911743
test_1433	0.3266996741294861
test_1434	0.04058244824409485
test_1435	0.34124910831451416
test_1436	0.16466596722602844
test_1437	0.44143086671829224
test_1438	0.0411524772644043
test_1439	0.10082685947418213
test_1440	0.12106546759605408
test_1441	0.3761182725429535
test_1442	0.29294562339782715
test_1443	0.5396338701248169
test_1444	0.1404857337474823
test_1445	0.05526229739189148
test_1446	0.16987159848213196
test_1447	0.21273738145828247
test_1448	0.06235376000404358
test_1449	0.05549845099449158
test_1450	0.09395316243171692
test_1451	0.07335904240608215
test_1452	0.3254570960998535
test_1453	0.9823379516601562
test_1454	0.1686692237854004
test_1455	0.11098000407218933
test_1456	0.14267632365226746
test_1457	0.07896587252616882
test_1458	0.07299438118934631
test_1459	0.12039399147033691
test_1460	0.37392669916152954
test_1461	0.03773459792137146
test_1462	0.07181251049041748
test_1463	0.2632623314857483
test_1464	0.09530386328697205
test_1465	0.9408417344093323
test_1466	0.03815940022468567
test_1467	0.660807728767395
test_1468	0.3066408634185791
test_1469	0.12186279892921448
test_1470	0.5484977960586548
test_1471	0.09642475843429565
test_1472	0.10942593216896057
test_1473	0.18029257655143738
test_1474	0.28490471839904785
test_1475	0.04794660210609436
test_1476	0.13966062664985657
test_1477	0.38979557156562805
test_1478	0.09663394093513489
test_1479	0.26421332359313965
test_1480	0.09286794066429138
test_1481	0.5718337297439575
test_1482	0.04430985450744629
test_1483	0.9956344962120056
test_1484	0.15359073877334595
test_1485	0.9208037853240967
test_1486	0.012383252382278442
test_1487	0.18281832337379456
test_1488	0.20039179921150208
test_1489	0.038577258586883545
test_1490	0.23390159010887146
test_1491	0.06980100274085999
test_1492	0.15578016638755798
test_1493	0.07562664151191711
test_1494	0.24487614631652832
test_1495	0.08028087019920349
test_1496	0.3597820997238159
test_1497	0.552583634853363
test_1498	0.016680151224136353
test_1499	0.11572578549385071
test_1500	0.28681933879852295
test_1501	0.2928816080093384
test_1502	0.020681411027908325
test_1503	0.10810881853103638
test_1504	0.3209119141101837
test_1505	0.06608444452285767
test_1506	0.04273095726966858
test_1507	0.22661569714546204
test_1508	0.33252760767936707
test_1509	0.3865315616130829
test_1510	0.33015045523643494
test_1511	0.008058637380599976
test_1512	0.2297385334968567
test_1513	0.30635982751846313
test_1514	0.08125737309455872
test_1515	0.14154115319252014
test_1516	0.22093960642814636
test_1517	0.14461654424667358
test_1518	0.5863035917282104
test_1519	0.19564783573150635
test_1520	0.41352179646492004
test_1521	0.22601869702339172
test_1522	0.05356645584106445
test_1523	0.3542482256889343
test_1524	0.22330820560455322
test_1525	0.311859667301178
test_1526	0.24251964688301086
test_1527	0.027745038270950317
test_1528	0.08700180053710938
test_1529	0.17494094371795654
test_1530	0.036650270223617554
test_1531	0.17928379774093628
test_1532	0.06348472833633423
test_1533	0.09245675802230835
test_1534	0.9721561670303345
test_1535	0.26835334300994873
test_1536	0.5029652118682861
test_1537	0.48782336711883545
test_1538	0.716109573841095
test_1539	0.029526829719543457
test_1540	0.5262788534164429
test_1541	0.28069084882736206
test_1542	0.0929931104183197
test_1543	0.24745959043502808
test_1544	0.3404258191585541
test_1545	0.29345861077308655
test_1546	0.15733817219734192
test_1547	0.19691896438598633
test_1548	0.1254948079586029
test_1549	0.17254838347434998
test_1550	0.27010130882263184
test_1551	0.15898895263671875
test_1552	0.038970351219177246
test_1553	0.4244619905948639
test_1554	0.1819363236427307
test_1555	0.14098501205444336
test_1556	0.10944896936416626
test_1557	0.1546873152256012
test_1558	0.28612300753593445
test_1559	0.6841344237327576
test_1560	0.4709552526473999
test_1561	0.18904727697372437
test_1562	0.4102167785167694
test_1563	0.31401270627975464
test_1564	0.08329692482948303
test_1565	0.4935280680656433
test_1566	0.3085671067237854
test_1567	0.24058538675308228
test_1568	0.06498932838439941
test_1569	0.9220589399337769
test_1570	0.9883050918579102
test_1571	0.1645113229751587
test_1572	0.3092201352119446
test_1573	0.22798410058021545
test_1574	0.6050720810890198
test_1575	0.14530879259109497
test_1576	0.43418213725090027
test_1577	0.03689390420913696
test_1578	0.06255343556404114
test_1579	0.9487245082855225
test_1580	0.06369790434837341
test_1581	0.12806057929992676
test_1582	0.27991580963134766
test_1583	0.5426250696182251
test_1584	0.05117291212081909
test_1585	0.008275210857391357
test_1586	0.23708471655845642
test_1587	0.10612073540687561
test_1588	0.07240062952041626
test_1589	0.4634737968444824
test_1590	0.1598627269268036
test_1591	0.10133212804794312
test_1592	0.08979210257530212
test_1593	0.07878139615058899
test_1594	0.02382078766822815
test_1595	0.08819159865379333
test_1596	0.07627183198928833
test_1597	0.11634820699691772
test_1598	0.17446544766426086
test_1599	0.23324742913246155
test_1600	0.11792036890983582
test_1601	0.20149150490760803
test_1602	0.20249956846237183
test_1603	0.07228761911392212
test_1604	0.020801126956939697
test_1605	0.1899910867214203
test_1606	0.059016644954681396
test_1607	0.15702977776527405
test_1608	0.14383786916732788
test_1609	0.14759626984596252
test_1610	0.8720880746841431
test_1611	0.264354944229126
test_1612	0.2749454081058502
test_1613	0.11812430620193481
test_1614	0.053584158420562744
test_1615	0.3544372022151947
test_1616	0.13785919547080994
test_1617	0.0666857361793518
test_1618	0.06842699646949768
test_1619	0.46383392810821533
test_1620	0.39158767461776733
test_1621	0.06194457411766052
test_1622	0.3658936619758606
test_1623	0.07707861065864563
test_1624	0.4177469313144684
test_1625	0.7202510833740234
test_1626	0.0822596549987793
test_1627	0.18589454889297485
test_1628	0.9017999768257141
test_1629	0.31817081570625305
test_1630	0.2991432249546051
test_1631	0.10065430402755737
test_1632	0.19679740071296692
test_1633	0.028760254383087158
test_1634	0.2822447419166565
test_1635	0.0920150876045227
test_1636	0.1559736430644989
test_1637	0.09773880243301392
test_1638	0.3242356777191162
test_1639	0.6059434413909912
test_1640	0.24636206030845642
test_1641	0.15998780727386475
test_1642	0.2694656252861023
test_1643	0.04104191064834595
test_1644	0.05939352512359619
test_1645	0.5101984143257141
test_1646	0.10642048716545105
test_1647	0.26920145750045776
test_1648	0.10296082496643066
test_1649	0.21401271224021912
test_1650	0.023426175117492676
test_1651	0.1641066074371338
test_1652	0.26384902000427246
test_1653	0.1838708221912384
test_1654	0.23534712195396423
test_1655	0.07357874512672424
test_1656	0.6638771295547485
test_1657	0.2519221603870392
test_1658	0.3216530680656433
test_1659	0.5271872878074646
test_1660	0.1969841718673706
test_1661	0.2273699939250946
test_1662	0.05590847134590149
test_1663	0.30775073170661926
test_1664	0.07298886775970459
test_1665	0.03873741626739502
test_1666	0.15083661675453186
test_1667	0.992943525314331
test_1668	0.1848776638507843
test_1669	0.07585349678993225
test_1670	0.18837803602218628
test_1671	0.22772741317749023
test_1672	0.15495851635932922
test_1673	0.09775540232658386
test_1674	0.12970629334449768
test_1675	0.20429277420043945
test_1676	0.07274338603019714
test_1677	0.17980125546455383
test_1678	0.23635101318359375
test_1679	0.0872332751750946
test_1680	0.36202025413513184
test_1681	0.11204364895820618
test_1682	0.4074290990829468
test_1683	0.09761860966682434
test_1684	0.2804975211620331
test_1685	0.42458173632621765
test_1686	0.0378490686416626
test_1687	0.04012688994407654
test_1688	0.13175755739212036
test_1689	0.15590626001358032
test_1690	0.11111775040626526
test_1691	0.18122580647468567
test_1692	0.030431777238845825
test_1693	0.048430174589157104
test_1694	0.09512388706207275
test_1695	0.27572423219680786
test_1696	0.18817004561424255
test_1697	0.1022939383983612
test_1698	0.04299652576446533
test_1699	0.2019418478012085
test_1700	0.41802528500556946
test_1701	0.3564554452896118
test_1702	0.17516323924064636
test_1703	0.010765522718429565
test_1704	0.19585493206977844
test_1705	0.15386924147605896
test_1706	0.09537866711616516
test_1707	0.02970731258392334
test_1708	0.05199238657951355
test_1709	0.21272504329681396
test_1710	0.13480105996131897
test_1711	0.13298407196998596
test_1712	0.30057451128959656
test_1713	0.0335768461227417
test_1714	0.26625293493270874
test_1715	0.28970593214035034
test_1716	0.34539496898651123
test_1717	0.165947824716568
test_1718	0.9669636487960815
test_1719	0.43433842062950134
test_1720	0.14116469025611877
test_1721	0.4998808801174164
test_1722	0.20260074734687805
test_1723	0.14168789982795715
test_1724	0.45424237847328186
test_1725	0.20382341742515564
test_1726	0.39645451307296753
test_1727	0.18369153141975403
test_1728	0.39344918727874756
test_1729	0.09319362044334412
test_1730	0.06149226427078247
test_1731	0.738551139831543
test_1732	0.08073440194129944
test_1733	0.4016410708427429
test_1734	0.44858819246292114
test_1735	0.122958242893219
test_1736	0.36705124378204346
test_1737	0.25477492809295654
test_1738	0.23987984657287598
test_1739	0.06395366787910461
test_1740	0.19196206331253052
test_1741	0.25408563017845154
test_1742	0.36826425790786743
test_1743	0.15623056888580322
test_1744	0.20999976992607117
test_1745	0.17346537113189697
test_1746	0.32261237502098083
test_1747	0.18327593803405762
test_1748	0.2338075339794159
test_1749	0.4337354600429535
test_1750	0.2877473533153534
test_1751	0.2856179177761078
test_1752	0.04046544432640076
test_1753	0.3289130926132202
test_1754	0.07005190849304199
test_1755	0.3546087443828583
test_1756	0.029021233320236206
test_1757	0.9069558382034302
test_1758	0.0441591739654541
test_1759	0.0649767518043518
test_1760	0.10402974486351013
test_1761	0.36084049940109253
test_1762	0.016329705715179443
test_1763	0.7124161720275879
test_1764	0.11399748921394348
test_1765	0.1584707498550415
test_1766	0.4469408094882965
test_1767	0.5479235053062439
test_1768	0.21895122528076172
test_1769	0.48857879638671875
test_1770	0.04418635368347168
test_1771	0.1555047333240509
test_1772	0.8687814474105835
test_1773	0.4204779863357544
test_1774	0.31254124641418457
test_1775	0.03341662883758545
test_1776	0.17215463519096375
test_1777	0.2910870909690857
test_1778	0.5469136834144592
test_1779	0.0781039297580719
test_1780	0.055929362773895264
test_1781	0.08651566505432129
test_1782	0.38119998574256897
test_1783	0.8408483266830444
test_1784	0.14562836289405823
test_1785	0.1711643934249878
test_1786	0.062251269817352295
test_1787	0.0484200119972229
test_1788	0.0861896276473999
test_1789	0.16928747296333313
test_1790	0.2628564238548279
test_1791	0.12813830375671387
test_1792	0.4642508327960968
test_1793	0.12882310152053833
test_1794	0.11582228541374207
test_1795	0.25485682487487793
test_1796	0.1634790003299713
test_1797	0.19889584183692932
test_1798	0.3523779511451721
test_1799	0.5476571321487427
test_1800	0.11966270208358765
test_1801	0.8243696093559265
test_1802	0.09819534420967102
test_1803	0.17574122548103333
test_1804	0.43832218647003174
test_1805	0.13590610027313232
test_1806	0.26221486926078796
test_1807	0.037319332361221313
test_1808	0.20295551419258118
test_1809	0.2989959120750427
test_1810	0.2858383357524872
test_1811	0.48062121868133545
test_1812	0.07167688012123108
test_1813	0.4113457500934601
test_1814	0.2764303982257843
test_1815	0.10072153806686401
test_1816	0.06418618559837341
test_1817	0.2840003967285156
test_1818	0.1357225775718689
test_1819	0.5718456506729126
test_1820	0.22469934821128845
test_1821	0.06479769945144653
test_1822	0.9026753902435303
test_1823	0.8131972551345825
test_1824	0.034112125635147095
test_1825	0.07005217671394348
test_1826	0.06180068850517273
test_1827	0.15957561135292053
test_1828	0.1616765856742859
test_1829	0.9817433953285217
test_1830	0.6352381706237793
test_1831	0.27945202589035034
test_1832	0.1331285834312439
test_1833	0.11289295554161072
test_1834	0.0978492796421051
test_1835	0.46244069933891296
test_1836	0.10367143154144287
test_1837	0.06471231579780579
test_1838	0.35572510957717896
test_1839	0.20482048392295837
test_1840	0.22848647832870483
test_1841	0.18789246678352356
test_1842	0.18028774857521057
test_1843	0.11484301090240479
test_1844	0.09992548823356628
test_1845	0.07553324103355408
test_1846	0.093590646982193
test_1847	0.17177438735961914
test_1848	0.010700583457946777
test_1849	0.16906118392944336
test_1850	0.11412686109542847
test_1851	0.3096996545791626
test_1852	0.09377691149711609
test_1853	0.938239336013794
test_1854	0.164844810962677
test_1855	0.09955102205276489
test_1856	0.3079988360404968
test_1857	0.08124116063117981
test_1858	0.021054208278656006
test_1859	0.16712403297424316
test_1860	0.2960969805717468
test_1861	0.05029177665710449
test_1862	0.1954578459262848
test_1863	0.2516888678073883
test_1864	0.11253821849822998
test_1865	0.05518689751625061
test_1866	0.18154188990592957
test_1867	0.21273252367973328
test_1868	0.2174234688282013
test_1869	0.1303015649318695
test_1870	0.08238926529884338
test_1871	0.02291727066040039
test_1872	0.07720676064491272
test_1873	0.20467984676361084
test_1874	0.09343692660331726
test_1875	0.276069700717926
test_1876	0.4339803457260132
test_1877	0.2921958267688751
test_1878	0.07233238220214844
test_1879	0.10929855704307556
test_1880	0.315885066986084
test_1881	0.39669743180274963
test_1882	0.15685471892356873
test_1883	0.2257750928401947
test_1884	0.08759996294975281
test_1885	0.23396900296211243
test_1886	0.42181628942489624
test_1887	0.1584852933883667
test_1888	0.15144354104995728
test_1889	0.08792456984519958
test_1890	0.0404852032661438
test_1891	0.20337402820587158
test_1892	0.08136588335037231
test_1893	0.22802627086639404
test_1894	0.5393364429473877
test_1895	0.12498918175697327
test_1896	0.3212391138076782
test_1897	0.024547696113586426
test_1898	0.2108052670955658
test_1899	0.16605675220489502
test_1900	0.09354588389396667
test_1901	0.6241205334663391
test_1902	0.5061233043670654
test_1903	0.17323726415634155
test_1904	0.2868220806121826
test_1905	0.20419633388519287
test_1906	0.4674336612224579
test_1907	0.15287011861801147
test_1908	0.4367617666721344
test_1909	0.02060258388519287
test_1910	0.11923989653587341
test_1911	0.023747682571411133
test_1912	0.8574402332305908
test_1913	0.15290817618370056
test_1914	0.029049605131149292
test_1915	0.22645241022109985
test_1916	0.18857544660568237
test_1917	0.09631368517875671
test_1918	0.0422494113445282
test_1919	0.13592207431793213
test_1920	0.02839607000350952
test_1921	0.11310866475105286
test_1922	0.9446741342544556
test_1923	0.03226989507675171
test_1924	0.26610469818115234
test_1925	0.12592953443527222
test_1926	0.06153807044029236
test_1927	0.06601196527481079
test_1928	0.9723654389381409
test_1929	0.33015841245651245
test_1930	0.05197611451148987
test_1931	0.3917462229728699
test_1932	0.21672171354293823
test_1933	0.05246037244796753
test_1934	0.013494879007339478
test_1935	0.9795340299606323
test_1936	0.31617435812950134
test_1937	0.047238707542419434
test_1938	0.14636152982711792
test_1939	0.4765278697013855
test_1940	0.1634860634803772
test_1941	0.19278958439826965
test_1942	0.05111873149871826
test_1943	0.3307049870491028
test_1944	0.10213765501976013
test_1945	0.1778099238872528
test_1946	0.02148541808128357
test_1947	0.22313061356544495
test_1948	0.18428772687911987
test_1949	0.012687832117080688
test_1950	0.10310932993888855
test_1951	0.2437361180782318
test_1952	0.19238629937171936
test_1953	0.8112208843231201
test_1954	0.039388954639434814
test_1955	0.1251579225063324
test_1956	0.13120043277740479
test_1957	0.22735431790351868
test_1958	0.2643795609474182
test_1959	0.4958062171936035
test_1960	0.9049515724182129
test_1961	0.10610610246658325
test_1962	0.07786446809768677
test_1963	0.27065086364746094
test_1964	0.48408982157707214
test_1965	0.008185535669326782
test_1966	0.09860226511955261
test_1967	0.7658569812774658
test_1968	0.13903120160102844
test_1969	0.24356013536453247
test_1970	0.6484379768371582
test_1971	0.04802215099334717
test_1972	0.16442734003067017
test_1973	0.1860978901386261
test_1974	0.05842679738998413
test_1975	0.16772714257240295
test_1976	0.402854323387146
test_1977	0.1498347520828247
test_1978	0.4205493927001953
test_1979	0.10836160182952881
test_1980	0.12404695153236389
test_1981	0.1384499967098236
test_1982	0.19807332754135132
test_1983	0.20864224433898926
test_1984	0.34039223194122314
test_1985	0.059869974851608276
test_1986	0.0842096209526062
test_1987	0.5449378490447998
test_1988	0.158451646566391
test_1989	0.10194984078407288
test_1990	0.31046682596206665
test_1991	0.3428735136985779
test_1992	0.20260676741600037
test_1993	0.2393849492073059
test_1994	0.1647612750530243
test_1995	0.09874412417411804
test_1996	0.058650583028793335
test_1997	0.07723969221115112
test_1998	0.3558995723724365
test_1999	0.18091657757759094
test_2000	0.48720914125442505
test_2001	0.11410084366798401
test_2002	0.9517264366149902
test_2003	0.6504090428352356
test_2004	0.07950752973556519
test_2005	0.03949296474456787
test_2006	0.2826833724975586
test_2007	0.5374191999435425
test_2008	0.1731061041355133
test_2009	0.06896287202835083
test_2010	0.11769494414329529
test_2011	0.026626527309417725
test_2012	0.9719950556755066
test_2013	0.1755891740322113
test_2014	0.10315227508544922
test_2015	0.2887159287929535
test_2016	0.15506529808044434
test_2017	0.5927033424377441
test_2018	0.11227458715438843
test_2019	0.2185744047164917
test_2020	0.339522123336792
test_2021	0.13624116778373718
test_2022	0.37801456451416016
test_2023	0.06645402312278748
test_2024	0.15376359224319458
test_2025	0.2584654986858368
test_2026	0.09313955903053284
test_2027	0.18923816084861755
test_2028	0.08146655559539795
test_2029	0.10633200407028198
test_2030	0.0965421199798584
test_2031	0.08258470892906189
test_2032	0.3769523501396179
test_2033	0.42831429839134216
test_2034	0.20788994431495667
test_2035	0.15593591332435608
test_2036	0.16429665684700012
test_2037	0.2682410478591919
test_2038	0.04302331805229187
test_2039	0.05712062120437622
test_2040	0.2041507363319397
test_2041	0.11749523878097534
test_2042	0.35415881872177124
test_2043	0.07805722951889038
test_2044	0.14205646514892578
test_2045	0.08662128448486328
test_2046	0.1665405035018921
test_2047	0.10442864894866943
test_2048	0.5453399419784546
test_2049	0.048920780420303345
test_2050	0.6632108092308044
test_2051	0.03406676650047302
test_2052	0.17316871881484985
test_2053	0.07825425267219543
test_2054	0.135589599609375
test_2055	0.11297726631164551
test_2056	0.20374912023544312
test_2057	0.23364901542663574
test_2058	0.15552783012390137
test_2059	0.3116956949234009
test_2060	0.10528993606567383
test_2061	0.11117208003997803
test_2062	0.06896784901618958
test_2063	0.16516175866127014
test_2064	0.1102743148803711
test_2065	0.19710734486579895
test_2066	0.6520832777023315
test_2067	0.4388868808746338
test_2068	0.245509535074234
test_2069	0.4308726489543915
test_2070	0.114596426486969
test_2071	0.28332215547561646
test_2072	0.9625231027603149
test_2073	0.12943130731582642
test_2074	0.11376020312309265
test_2075	0.14485332369804382
test_2076	0.1791670024394989
test_2077	0.8367468118667603
test_2078	0.22012728452682495
test_2079	0.19496667385101318
test_2080	0.11575305461883545
test_2081	0.08984637260437012
test_2082	0.2448159158229828
test_2083	0.06535691022872925
test_2084	0.16567116975784302
test_2085	0.18893396854400635
test_2086	0.3694154620170593
test_2087	0.13280048966407776
test_2088	0.4767285883426666
test_2089	0.11181363463401794
test_2090	0.07982289791107178
test_2091	0.13406676054000854
test_2092	0.24620604515075684
test_2093	0.16971954703330994
test_2094	0.2103215456008911
test_2095	0.5057040452957153
test_2096	0.2753264904022217
test_2097	0.1432127058506012
test_2098	0.2574182152748108
test_2099	0.06190046668052673
test_2100	0.2827833294868469
test_2101	0.20718571543693542
test_2102	0.022976964712142944
test_2103	0.1792190670967102
test_2104	0.10642421245574951
test_2105	0.4097585678100586
test_2106	0.06783023476600647
test_2107	0.11636272072792053
test_2108	0.13799121975898743
test_2109	0.07810261845588684
test_2110	0.2842310667037964
test_2111	0.12299138307571411
test_2112	0.7189784049987793
test_2113	0.08647456765174866
test_2114	0.5856975317001343
test_2115	0.19434481859207153
test_2116	0.03957805037498474
test_2117	0.018403321504592896
test_2118	0.12584224343299866
test_2119	0.09918281435966492
test_2120	0.232632577419281
test_2121	0.08720114827156067
test_2122	0.07411226630210876
test_2123	0.04378318786621094
test_2124	0.10275870561599731
test_2125	0.4185081720352173
test_2126	0.14040204882621765
test_2127	0.25290507078170776
test_2128	0.7143114805221558
test_2129	0.14381858706474304
test_2130	0.2177484631538391
test_2131	0.3155542016029358
test_2132	0.3701308071613312
test_2133	0.5237024426460266
test_2134	0.3775545358657837
test_2135	0.03971263766288757
test_2136	0.21537423133850098
test_2137	0.14782077074050903
test_2138	0.020756512880325317
test_2139	0.29519888758659363
test_2140	0.9861453771591187
test_2141	0.12552306056022644
test_2142	0.3242642283439636
test_2143	0.3487795889377594
test_2144	0.03204292058944702
test_2145	0.07737317681312561
test_2146	0.14881595969200134
test_2147	0.2231580913066864
test_2148	0.412503182888031
test_2149	0.2931612730026245
test_2150	0.10542985796928406
test_2151	0.3454604148864746
test_2152	0.04219740629196167
test_2153	0.1407814621925354
test_2154	0.33777084946632385
test_2155	0.15180203318595886
test_2156	0.13572704792022705
test_2157	0.07077914476394653
test_2158	0.1954108476638794
test_2159	0.1302129328250885
test_2160	0.10853332281112671
test_2161	0.26227134466171265
test_2162	0.144214928150177
test_2163	0.9944280385971069
test_2164	0.2449733018875122
test_2165	0.047078996896743774
test_2166	0.06752777099609375
test_2167	0.05881795287132263
test_2168	0.26250600814819336
test_2169	0.2696737051010132
test_2170	0.0755314826965332
test_2171	0.5795411467552185
test_2172	0.2451888918876648
test_2173	0.27541422843933105
test_2174	0.2179628610610962
test_2175	0.1799372136592865
test_2176	0.7781474590301514
test_2177	0.24123695492744446
test_2178	0.08337011933326721
test_2179	0.2400754690170288
test_2180	0.26910078525543213
test_2181	0.12932997941970825
test_2182	0.09376898407936096
test_2183	0.005109995603561401
test_2184	0.2503427565097809
test_2185	0.19216790795326233
test_2186	0.08658865094184875
test_2187	0.06534412503242493
test_2188	0.2700926959514618
test_2189	0.045148253440856934
test_2190	0.30627158284187317
test_2191	0.08646628260612488
test_2192	0.09480279684066772
test_2193	0.37300074100494385
test_2194	0.13798770308494568
test_2195	0.15477636456489563
test_2196	0.05851265788078308
test_2197	0.7978542447090149
test_2198	0.7235701680183411
test_2199	0.14142394065856934
test_2200	0.3288933336734772
test_2201	0.17133110761642456
test_2202	0.12697601318359375
test_2203	0.3245725631713867
test_2204	0.4428168535232544
test_2205	0.31676560640335083
test_2206	0.11383849382400513
test_2207	0.5051189661026001
test_2208	0.15076196193695068
test_2209	0.9101132154464722
test_2210	0.4332112669944763
test_2211	0.18463322520256042
test_2212	0.12537941336631775
test_2213	0.033016860485076904
test_2214	0.4612452983856201
test_2215	0.9661933183670044
test_2216	0.2563783526420593
test_2217	0.1020035445690155
test_2218	0.43623942136764526
test_2219	0.2939872145652771
test_2220	0.08634647727012634
test_2221	0.2357969880104065
test_2222	0.08513951301574707
test_2223	0.15758761763572693
test_2224	0.030232369899749756
test_2225	0.09209796786308289
test_2226	0.19428715109825134
test_2227	0.3963351547718048
test_2228	0.06963232159614563
test_2229	0.10751277208328247
test_2230	0.16061758995056152
test_2231	0.03922423720359802
test_2232	0.20273032784461975
test_2233	0.16516289114952087
test_2234	0.18041718006134033
test_2235	0.25558799505233765
test_2236	0.3972654342651367
test_2237	0.06674718856811523
test_2238	0.3106745481491089
test_2239	0.3606604337692261
test_2240	0.1648351550102234
test_2241	0.7270714640617371
test_2242	0.1487778127193451
test_2243	0.28541988134384155
test_2244	0.10256347060203552
test_2245	0.19061660766601562
test_2246	0.15115436911582947
test_2247	0.09197777509689331
test_2248	0.05211922526359558
test_2249	0.0702374279499054
test_2250	0.010700196027755737
test_2251	0.29614487290382385
test_2252	0.15802007913589478
test_2253	0.035210639238357544
test_2254	0.07032445073127747
test_2255	0.1372588872909546
test_2256	0.2180255651473999
test_2257	0.23399534821510315
test_2258	0.13067564368247986
test_2259	0.2000941038131714
test_2260	0.0600222647190094
test_2261	0.12239927053451538
test_2262	0.013455390930175781
test_2263	0.5925611257553101
test_2264	0.13526377081871033
test_2265	0.9887064695358276
test_2266	0.26689255237579346
test_2267	0.037703096866607666
test_2268	0.05640321969985962
test_2269	0.12350040674209595
test_2270	0.16902589797973633
test_2271	0.29517605900764465
test_2272	0.16449439525604248
test_2273	0.2758021950721741
test_2274	0.14937880635261536
test_2275	0.013116538524627686
test_2276	0.4055519700050354
test_2277	0.20319554209709167
test_2278	0.12275421619415283
test_2279	0.2478674054145813
test_2280	0.2614263892173767
test_2281	0.25757551193237305
test_2282	0.09731915593147278
test_2283	0.15516003966331482
test_2284	0.36389675736427307
test_2285	0.2481125295162201
test_2286	0.12460008263587952
test_2287	0.024525165557861328
test_2288	0.05948689579963684
test_2289	0.4393466114997864
test_2290	0.41200411319732666
test_2291	0.4359873831272125
test_2292	0.2644316554069519
test_2293	0.14545667171478271
test_2294	0.0675106942653656
test_2295	0.2890983819961548
test_2296	0.4481238126754761
test_2297	0.23174145817756653
test_2298	0.17168697714805603
test_2299	0.29771965742111206
