test_0000	0.0008606016635894775
test_0001	0.0009148120880126953
test_0002	0.0009362697601318359
test_0003	0.0005231201648712158
test_0004	0.0015293657779693604
test_0005	0.0017000138759613037
test_0006	0.0008285939693450928
test_0007	0.001717299222946167
test_0008	0.1150287389755249
test_0009	0.9005986452102661
test_0010	0.002857029438018799
test_0011	0.0021157264709472656
test_0012	0.00045794248580932617
test_0013	0.017367690801620483
test_0014	0.0014321506023406982
test_0015	0.0006392896175384521
test_0016	0.003980845212936401
test_0017	0.0038433969020843506
test_0018	0.008045822381973267
test_0019	0.0011193156242370605
test_0020	0.0011171996593475342
test_0021	0.5154354572296143
test_0022	0.0015509724617004395
test_0023	0.008014172315597534
test_0024	0.0016735196113586426
test_0025	0.0021729767322540283
test_0026	0.0013447105884552002
test_0027	0.0014165937900543213
test_0028	0.0012031197547912598
test_0029	0.0028353333473205566
test_0030	0.010126113891601562
test_0031	0.008010506629943848
test_0032	0.0007136762142181396
test_0033	0.008178502321243286
test_0034	0.003692418336868286
test_0035	0.9344434142112732
test_0036	0.0011505186557769775
test_0037	0.00422242283821106
test_0038	0.003419727087020874
test_0039	0.0005878806114196777
test_0040	0.0012339651584625244
test_0041	0.027636975049972534
test_0042	0.015255004167556763
test_0043	0.01225695013999939
test_0044	0.01224428415298462
test_0045	0.0034617185592651367
test_0046	0.9943716526031494
test_0047	0.0017153024673461914
test_0048	0.0004449784755706787
test_0049	0.9921568632125854
test_0050	0.0037456154823303223
test_0051	0.0009482800960540771
test_0052	0.0005967915058135986
test_0053	0.001256316900253296
test_0054	0.9660263061523438
test_0055	0.0028512179851531982
test_0056	0.0005234181880950928
test_0057	0.0005711019039154053
test_0058	0.36452510952949524
test_0059	0.014898210763931274
test_0060	0.01231396198272705
test_0061	0.0016758739948272705
test_0062	0.0031119585037231445
test_0063	0.0005803704261779785
test_0064	0.005363196134567261
test_0065	0.0010318756103515625
test_0066	0.000490039587020874
test_0067	0.004883110523223877
test_0068	0.001034170389175415
test_0069	0.9859035611152649
test_0070	0.0024023354053497314
test_0071	0.0014513731002807617
test_0072	0.0007366836071014404
test_0073	0.0007819831371307373
test_0074	0.0033563971519470215
test_0075	0.002057880163192749
test_0076	0.0011230409145355225
test_0077	0.8787622451782227
test_0078	0.0034368932247161865
test_0079	0.0008471906185150146
test_0080	0.0012795031070709229
test_0081	0.2810869812965393
test_0082	0.002749919891357422
test_0083	0.005902200937271118
test_0084	0.1534651219844818
test_0085	0.0020647048950195312
test_0086	0.00039082765579223633
test_0087	0.001352936029434204
test_0088	0.0019526183605194092
test_0089	0.037913113832473755
test_0090	0.0013338327407836914
test_0091	0.0007618367671966553
test_0092	0.040743499994277954
test_0093	0.0024207234382629395
test_0094	0.0007731616497039795
test_0095	0.002397298812866211
test_0096	0.0031150877475738525
test_0097	0.0003689229488372803
test_0098	0.005025774240493774
test_0099	0.0006254613399505615
test_0100	0.002324610948562622
test_0101	0.0005019605159759521
test_0102	0.0008978843688964844
test_0103	0.0012859702110290527
test_0104	0.0030828118324279785
test_0105	0.0028890371322631836
test_0106	0.0017955005168914795
test_0107	0.0052928924560546875
test_0108	0.0026541948318481445
test_0109	0.0024811625480651855
test_0110	0.002022296190261841
test_0111	0.000922471284866333
test_0112	0.003377944231033325
test_0113	0.002088785171508789
test_0114	0.0027235448360443115
test_0115	0.003218233585357666
test_0116	0.00460776686668396
test_0117	0.0027904510498046875
test_0118	0.005082070827484131
test_0119	0.0007792413234710693
test_0120	0.0008023977279663086
test_0121	0.9226095080375671
test_0122	0.0012824535369873047
test_0123	0.00420650839805603
test_0124	0.0039002299308776855
test_0125	0.010240316390991211
test_0126	0.0005681514739990234
test_0127	0.4579739272594452
test_0128	0.005045861005783081
test_0129	0.012886345386505127
test_0130	0.00126725435256958
test_0131	0.002377808094024658
test_0132	0.0021726489067077637
test_0133	0.002976655960083008
test_0134	0.004620999097824097
test_0135	0.017749488353729248
test_0136	0.0007027387619018555
test_0137	0.000906139612197876
test_0138	0.0028486549854278564
test_0139	0.005863815546035767
test_0140	0.009823441505432129
test_0141	0.0005599260330200195
test_0142	0.007620424032211304
test_0143	0.0018162727355957031
test_0144	0.0028571784496307373
test_0145	0.0006554126739501953
test_0146	0.002646535634994507
test_0147	0.0018711388111114502
test_0148	0.0018669068813323975
test_0149	0.0006553530693054199
test_0150	0.0008643865585327148
test_0151	0.0009413361549377441
test_0152	0.0021448731422424316
test_0153	0.00044143199920654297
test_0154	0.0004569888114929199
test_0155	0.001198112964630127
test_0156	0.0034327805042266846
test_0157	0.0006323456764221191
test_0158	0.0030516982078552246
test_0159	0.0024441182613372803
test_0160	0.0040413737297058105
test_0161	0.005800396203994751
test_0162	0.0028791427612304688
test_0163	0.00029730796813964844
test_0164	0.0011617839336395264
test_0165	0.001798480749130249
test_0166	0.001239389181137085
test_0167	0.003291189670562744
test_0168	0.0007612705230712891
test_0169	0.0009430944919586182
test_0170	0.0015071332454681396
test_0171	0.002205193042755127
test_0172	0.0006033480167388916
test_0173	0.004053235054016113
test_0174	0.0009132921695709229
test_0175	0.0022094547748565674
test_0176	0.005585819482803345
test_0177	0.0007076859474182129
test_0178	0.0005714595317840576
test_0179	0.001824021339416504
test_0180	0.0028256475925445557
test_0181	0.005737572908401489
test_0182	0.0019368529319763184
test_0183	0.0033698678016662598
test_0184	0.011936098337173462
test_0185	0.0003288686275482178
test_0186	0.0005423426628112793
test_0187	0.0009939372539520264
test_0188	0.0035071372985839844
test_0189	0.0011406540870666504
test_0190	0.0008263289928436279
test_0191	0.004129320383071899
test_0192	0.00023409724235534668
test_0193	0.0009284913539886475
test_0194	0.0038240551948547363
test_0195	0.0022662878036499023
test_0196	0.014586329460144043
test_0197	0.0006039142608642578
test_0198	0.0008126497268676758
test_0199	0.0015069544315338135
test_0200	0.11962991952896118
test_0201	0.0006738603115081787
test_0202	0.9487333297729492
test_0203	0.004150807857513428
test_0204	0.0016002655029296875
test_0205	0.00681111216545105
test_0206	0.009938597679138184
test_0207	0.0028322339057922363
test_0208	0.0008972883224487305
test_0209	0.0168759822845459
test_0210	0.40870821475982666
test_0211	0.0029195547103881836
test_0212	0.00029918551445007324
test_0213	0.0039324164390563965
test_0214	0.0016269683837890625
test_0215	0.005871802568435669
test_0216	0.0016814172267913818
test_0217	0.059033870697021484
test_0218	0.004891872406005859
test_0219	0.983656108379364
test_0220	0.006322205066680908
test_0221	0.001845329999923706
test_0222	0.0025909841060638428
test_0223	0.0009319782257080078
test_0224	0.0024907588958740234
test_0225	0.0005328655242919922
test_0226	0.0008314251899719238
test_0227	0.0012107789516448975
test_0228	0.0012239515781402588
test_0229	0.0013241469860076904
test_0230	0.0009482204914093018
test_0231	0.00038802623748779297
test_0232	0.16210633516311646
test_0233	0.0004686117172241211
test_0234	0.000841975212097168
test_0235	0.0007730424404144287
test_0236	0.00414612889289856
test_0237	0.0009048283100128174
test_0238	0.0010807216167449951
test_0239	0.0014808475971221924
test_0240	0.001983344554901123
test_0241	0.0031042397022247314
test_0242	0.0013623535633087158
test_0243	0.0006825923919677734
test_0244	0.0025168955326080322
test_0245	0.00255429744720459
test_0246	0.0005267560482025146
test_0247	0.0023076236248016357
test_0248	0.9864784479141235
test_0249	0.00029712915420532227
test_0250	0.0017517805099487305
test_0251	0.0006732642650604248
test_0252	0.0051594078540802
test_0253	0.0032409727573394775
test_0254	0.0017956793308258057
test_0255	0.006187260150909424
test_0256	0.0005173683166503906
test_0257	0.0004551410675048828
test_0258	0.0003708004951477051
test_0259	0.0009422600269317627
test_0260	0.0018499791622161865
test_0261	0.9613330960273743
test_0262	0.0014947056770324707
test_0263	0.0014753341674804688
test_0264	0.002120077610015869
test_0265	0.004218578338623047
test_0266	0.0019975006580352783
test_0267	0.0009382069110870361
test_0268	0.0018717050552368164
test_0269	0.003645598888397217
test_0270	0.000545889139175415
test_0271	0.70997554063797
test_0272	0.0027729272842407227
test_0273	0.0012505650520324707
test_0274	0.011564105749130249
test_0275	0.0009759366512298584
test_0276	0.0004183948040008545
test_0277	0.0018403232097625732
test_0278	0.0007764995098114014
test_0279	0.0024379193782806396
test_0280	0.00033739209175109863
test_0281	0.002239227294921875
test_0282	0.005284160375595093
test_0283	0.0008217990398406982
test_0284	0.001100093126296997
test_0285	0.000427931547164917
test_0286	0.0063287317752838135
test_0287	0.0011339187622070312
test_0288	0.0012965798377990723
test_0289	0.002856522798538208
test_0290	0.9933699369430542
test_0291	0.0008665919303894043
test_0292	0.0038734078407287598
test_0293	0.19609078764915466
test_0294	0.0057548582553863525
test_0295	0.0014553666114807129
test_0296	0.0019773542881011963
test_0297	0.004802703857421875
test_0298	0.001976221799850464
test_0299	0.4850867986679077
test_0300	0.9699041843414307
test_0301	0.0014158785343170166
test_0302	0.016103684902191162
test_0303	0.0032198429107666016
test_0304	0.0013971924781799316
test_0305	0.0020000338554382324
test_0306	0.00503695011138916
test_0307	0.00019568204879760742
test_0308	0.0006818473339080811
test_0309	0.010607868432998657
test_0310	0.005316615104675293
test_0311	0.0006588101387023926
test_0312	0.001237422227859497
test_0313	0.0015189945697784424
test_0314	0.001912236213684082
test_0315	0.0027604997158050537
test_0316	0.0037055909633636475
test_0317	0.018077969551086426
test_0318	0.0011258721351623535
test_0319	0.015448510646820068
test_0320	0.0029702484607696533
test_0321	0.14691108465194702
test_0322	0.001855015754699707
test_0323	0.0045791566371917725
test_0324	0.007981181144714355
test_0325	0.000786513090133667
test_0326	0.00038370490074157715
test_0327	0.0008639395236968994
test_0328	0.008870512247085571
test_0329	0.0025431811809539795
test_0330	0.007075756788253784
test_0331	0.002907872200012207
test_0332	0.001796334981918335
test_0333	0.001723647117614746
test_0334	0.0035594701766967773
test_0335	0.005218178033828735
test_0336	0.0016498267650604248
test_0337	0.0011738240718841553
test_0338	0.0008996725082397461
test_0339	0.0005695521831512451
test_0340	0.0003860592842102051
test_0341	0.003451794385910034
test_0342	0.005235612392425537
test_0343	0.0007081329822540283
test_0344	0.0013238191604614258
test_0345	0.0018465220928192139
test_0346	0.0006897151470184326
test_0347	0.00022351741790771484
test_0348	0.0014715492725372314
test_0349	0.0006708800792694092
test_0350	0.0005064010620117188
test_0351	0.0003713071346282959
test_0352	0.0007505118846893311
test_0353	0.0007362663745880127
test_0354	0.0033445656299591064
test_0355	0.0008922219276428223
test_0356	0.0035195648670196533
test_0357	0.0009931623935699463
test_0358	0.0014334917068481445
test_0359	0.00039458274841308594
test_0360	0.0008991658687591553
test_0361	0.001219421625137329
test_0362	0.001069188117980957
test_0363	0.0005855858325958252
test_0364	0.001314997673034668
test_0365	0.004207700490951538
test_0366	0.005025088787078857
test_0367	0.002934068441390991
test_0368	0.000766456127166748
test_0369	0.01096770167350769
test_0370	0.0017270445823669434
test_0371	0.002087414264678955
test_0372	0.00036779046058654785
test_0373	0.0010301172733306885
test_0374	0.0021379590034484863
test_0375	0.0012809336185455322
test_0376	0.0013079643249511719
test_0377	0.9818082451820374
test_0378	0.0017435848712921143
test_0379	0.0018619298934936523
test_0380	0.0041554272174835205
test_0381	0.0005536973476409912
test_0382	0.0032103359699249268
test_0383	0.0009888708591461182
test_0384	0.9059728384017944
test_0385	0.005095362663269043
test_0386	0.0020138025283813477
test_0387	0.02372586727142334
test_0388	0.0027318596839904785
test_0389	0.37093105912208557
test_0390	0.0016071200370788574
test_0391	0.0007271468639373779
test_0392	0.9960407614707947
test_0393	0.0010192394256591797
test_0394	0.004505962133407593
test_0395	0.005320310592651367
test_0396	0.7751404047012329
test_0397	0.0035105645656585693
test_0398	0.0007820725440979004
test_0399	0.0017659962177276611
test_0400	0.0030705034732818604
test_0401	0.003140866756439209
test_0402	0.0005456507205963135
test_0403	0.0011252760887145996
test_0404	0.030719876289367676
test_0405	0.0007741451263427734
test_0406	0.0021199584007263184
test_0407	0.0011730194091796875
test_0408	0.0010378360748291016
test_0409	0.002156555652618408
test_0410	0.0006324946880340576
test_0411	0.001997917890548706
test_0412	0.001402050256729126
test_0413	0.00040793418884277344
test_0414	0.002493143081665039
test_0415	0.0006650090217590332
test_0416	0.003556281328201294
test_0417	0.0015411972999572754
test_0418	0.0006023943424224854
test_0419	0.039163291454315186
test_0420	0.0028325915336608887
test_0421	0.0007793605327606201
test_0422	0.0019017457962036133
test_0423	0.0010218322277069092
test_0424	0.0011008381843566895
test_0425	0.001998692750930786
test_0426	0.9871737957000732
test_0427	0.0009158551692962646
test_0428	0.0012422800064086914
test_0429	0.0015580058097839355
test_0430	0.0028644204139709473
test_0431	0.00025838613510131836
test_0432	0.0014615058898925781
test_0433	0.17107054591178894
test_0434	0.0008562207221984863
test_0435	0.006830662488937378
test_0436	0.004992753267288208
test_0437	0.0017046332359313965
test_0438	0.0019330084323883057
test_0439	0.003435492515563965
test_0440	0.0008299648761749268
test_0441	0.9974236488342285
test_0442	0.0012936890125274658
test_0443	0.00047647953033447266
test_0444	0.0028588175773620605
test_0445	0.0031579136848449707
test_0446	0.0016734600067138672
test_0447	0.0012559890747070312
test_0448	0.7899750471115112
test_0449	0.0033675432205200195
test_0450	0.003225475549697876
test_0451	0.001617342233657837
test_0452	0.000786900520324707
test_0453	0.0006126761436462402
test_0454	0.0021697282791137695
test_0455	0.0014556050300598145
test_0456	0.00337180495262146
test_0457	0.0006440579891204834
test_0458	0.9696239233016968
test_0459	0.006213396787643433
test_0460	0.0047636330127716064
test_0461	0.005118191242218018
test_0462	0.0010313987731933594
test_0463	0.9321430921554565
test_0464	0.0008791089057922363
test_0465	0.005620449781417847
test_0466	0.0016671717166900635
test_0467	0.0005301237106323242
test_0468	0.0005885958671569824
test_0469	0.0007815062999725342
test_0470	0.004536479711532593
test_0471	0.0005989670753479004
test_0472	0.9881901741027832
test_0473	0.0004999041557312012
test_0474	0.0004158318042755127
test_0475	0.011306136846542358
test_0476	0.012903422117233276
test_0477	0.001357436180114746
test_0478	0.002093106508255005
test_0479	0.003706991672515869
test_0480	0.0012176930904388428
test_0481	0.0013888180255889893
test_0482	0.005341619253158569
test_0483	0.0010395050048828125
test_0484	0.0009666979312896729
test_0485	0.0011552870273590088
test_0486	0.0009883344173431396
test_0487	0.0027903616428375244
test_0488	0.0012705624103546143
test_0489	0.0009553730487823486
test_0490	0.0018900036811828613
test_0491	0.000459134578704834
test_0492	0.006070852279663086
test_0493	0.0033979415893554688
test_0494	0.0007818639278411865
test_0495	0.0008713006973266602
test_0496	0.0016591846942901611
test_0497	0.004332363605499268
test_0498	0.0007147490978240967
test_0499	0.7307611703872681
test_0500	0.0004533529281616211
test_0501	0.0007777214050292969
test_0502	0.9962949752807617
test_0503	0.9825266599655151
test_0504	0.0026792287826538086
test_0505	0.0014044344425201416
test_0506	0.005688279867172241
test_0507	0.0012679994106292725
test_0508	0.0024698078632354736
test_0509	0.0019606947898864746
test_0510	0.0005689263343811035
test_0511	0.004015684127807617
test_0512	0.0006315112113952637
test_0513	0.0016386806964874268
test_0514	0.004173845052719116
test_0515	0.0012097954750061035
test_0516	0.0027527213096618652
test_0517	0.002292126417160034
test_0518	0.014047026634216309
test_0519	0.0004322528839111328
test_0520	0.0014190971851348877
test_0521	0.0013913214206695557
test_0522	0.00037032365798950195
test_0523	0.0009075701236724854
test_0524	0.0017437934875488281
test_0525	0.00234261155128479
test_0526	0.0004986226558685303
test_0527	0.0018129348754882812
test_0528	0.0012456178665161133
test_0529	0.0014730095863342285
test_0530	0.0006738603115081787
test_0531	0.16999107599258423
test_0532	0.0029082894325256348
test_0533	0.0010014474391937256
test_0534	0.0003668367862701416
test_0535	0.000711977481842041
test_0536	0.00042256712913513184
test_0537	0.0026716887950897217
test_0538	0.0005454421043395996
test_0539	0.0010952651500701904
test_0540	0.0008206665515899658
test_0541	0.0015580058097839355
test_0542	0.07905769348144531
test_0543	0.004293680191040039
test_0544	0.0017357468605041504
test_0545	0.0006660819053649902
test_0546	0.001490950584411621
test_0547	0.001376420259475708
test_0548	0.005493611097335815
test_0549	0.0011639893054962158
test_0550	0.000400543212890625
test_0551	0.002513378858566284
test_0552	0.0010825097560882568
test_0553	0.0012456774711608887
test_0554	0.0007475018501281738
test_0555	0.0012885034084320068
test_0556	0.011000275611877441
test_0557	0.002897322177886963
test_0558	0.0007230937480926514
test_0559	0.001157134771347046
test_0560	0.0030059814453125
test_0561	0.0016144812107086182
test_0562	0.0010178983211517334
test_0563	0.9977755546569824
test_0564	0.0009576082229614258
test_0565	0.0019082725048065186
test_0566	0.991126298904419
test_0567	0.0005613565444946289
test_0568	0.0022570788860321045
test_0569	0.0070726871490478516
test_0570	0.0024154186248779297
test_0571	0.9809625148773193
test_0572	0.0019027292728424072
test_0573	0.0010478198528289795
test_0574	0.0007470250129699707
test_0575	0.0010672211647033691
test_0576	0.004486501216888428
test_0577	0.0017699897289276123
test_0578	0.0015402436256408691
test_0579	0.0004336237907409668
test_0580	0.057036638259887695
test_0581	0.00024303793907165527
test_0582	0.002763599157333374
test_0583	0.00022307038307189941
test_0584	0.006688296794891357
test_0585	0.015415370464324951
test_0586	0.0031955838203430176
test_0587	0.002365291118621826
test_0588	0.0035604536533355713
test_0589	0.0018041729927062988
test_0590	0.0006717145442962646
test_0591	0.0026127398014068604
test_0592	0.19696462154388428
test_0593	0.0005143582820892334
test_0594	0.0004931390285491943
test_0595	0.0030929744243621826
test_0596	0.001725316047668457
test_0597	0.0007692277431488037
test_0598	0.003071010112762451
test_0599	0.007206737995147705
test_0600	0.0023390650749206543
test_0601	0.005387425422668457
test_0602	0.0007483959197998047
test_0603	0.0014833509922027588
test_0604	0.0034258365631103516
test_0605	0.0063600242137908936
test_0606	0.9522247314453125
test_0607	0.0021963417530059814
test_0608	0.0008006691932678223
test_0609	0.0031949877738952637
test_0610	0.4394623637199402
test_0611	0.9843037128448486
test_0612	0.001961618661880493
test_0613	0.001017153263092041
test_0614	0.7914693355560303
test_0615	0.760701060295105
test_0616	0.0012085437774658203
test_0617	0.0012123286724090576
test_0618	0.0006312429904937744
test_0619	0.0009951293468475342
test_0620	0.9266893863677979
test_0621	0.0015401840209960938
test_0622	0.002287238836288452
test_0623	0.0021896660327911377
test_0624	0.0009242892265319824
test_0625	0.0022283196449279785
test_0626	0.0139179527759552
test_0627	0.002019226551055908
test_0628	0.0005551278591156006
test_0629	0.00030916929244995117
test_0630	0.001316159963607788
test_0631	0.0018723905086517334
test_0632	0.9884598255157471
test_0633	0.002864331007003784
test_0634	0.004134505987167358
test_0635	0.001272737979888916
test_0636	0.000387042760848999
test_0637	0.002131521701812744
test_0638	0.003527909517288208
test_0639	0.0005599856376647949
test_0640	0.0013547837734222412
test_0641	0.0005318522453308105
test_0642	0.003814101219177246
test_0643	0.00295063853263855
test_0644	0.0007976889610290527
test_0645	0.03936150670051575
test_0646	0.0008293092250823975
test_0647	0.005560696125030518
test_0648	0.0017515718936920166
test_0649	0.0014787018299102783
test_0650	0.0005438029766082764
test_0651	0.0020839273929595947
test_0652	0.0015645325183868408
test_0653	0.006926536560058594
test_0654	0.002406895160675049
test_0655	0.0007402002811431885
test_0656	0.0008850991725921631
test_0657	0.0008188188076019287
test_0658	0.0033650100231170654
test_0659	0.0038582980632781982
test_0660	0.6098990440368652
test_0661	0.0011990070343017578
test_0662	0.0010450780391693115
test_0663	0.005228936672210693
test_0664	0.0006936788558959961
test_0665	0.0047772228717803955
test_0666	0.0008658766746520996
test_0667	0.0015253722667694092
test_0668	0.02790769934654236
test_0669	0.012533605098724365
test_0670	0.002260833978652954
test_0671	0.010321617126464844
test_0672	0.001047968864440918
test_0673	0.0018615424633026123
test_0674	0.010852903127670288
test_0675	0.011713564395904541
test_0676	0.0008282363414764404
test_0677	0.00035178661346435547
test_0678	0.001169353723526001
test_0679	0.0006085634231567383
test_0680	0.0012081563472747803
test_0681	0.0017410218715667725
test_0682	0.0015918910503387451
test_0683	0.16582632064819336
test_0684	0.01524043083190918
test_0685	0.003834366798400879
test_0686	0.001429229974746704
test_0687	0.0011134743690490723
test_0688	0.000981837511062622
test_0689	0.001327216625213623
test_0690	0.0008724331855773926
test_0691	0.02645319700241089
test_0692	0.0028228163719177246
test_0693	0.0012347996234893799
test_0694	0.0012001991271972656
test_0695	0.010818898677825928
test_0696	0.001332998275756836
test_0697	0.001013725996017456
test_0698	0.005068659782409668
test_0699	0.0005922317504882812
test_0700	0.005398929119110107
test_0701	0.0005760788917541504
test_0702	0.002808302640914917
test_0703	0.0008476674556732178
test_0704	0.002493232488632202
test_0705	0.3711683750152588
test_0706	0.000858694314956665
test_0707	0.00705072283744812
test_0708	0.026482820510864258
test_0709	0.001269519329071045
test_0710	0.0008282065391540527
test_0711	0.0020173490047454834
test_0712	0.004617184400558472
test_0713	0.000909656286239624
test_0714	0.000583648681640625
test_0715	0.0022738277912139893
test_0716	0.0015658140182495117
test_0717	0.0012202560901641846
test_0718	0.0022866129875183105
test_0719	0.0006141364574432373
test_0720	0.0022041797637939453
test_0721	0.0027271509170532227
test_0722	0.000978708267211914
test_0723	0.01385548710823059
test_0724	0.0018753111362457275
test_0725	0.00347292423248291
test_0726	0.0032886862754821777
test_0727	0.0021066665649414062
test_0728	0.0006101429462432861
test_0729	0.0019053518772125244
test_0730	0.0012320876121520996
test_0731	0.002397596836090088
test_0732	0.000692218542098999
test_0733	0.0005189180374145508
test_0734	0.0022818148136138916
test_0735	0.001135498285293579
test_0736	0.001358330249786377
test_0737	0.000582575798034668
test_0738	0.0016920864582061768
test_0739	0.5242254734039307
test_0740	0.0002466142177581787
test_0741	0.0009363889694213867
test_0742	0.0008753836154937744
test_0743	0.0014723241329193115
test_0744	0.0015402734279632568
test_0745	0.0027449429035186768
test_0746	0.004356294870376587
test_0747	0.001973748207092285
test_0748	0.009879887104034424
test_0749	0.003352820873260498
test_0750	0.005945354700088501
test_0751	0.0004857182502746582
test_0752	0.0013994574546813965
test_0753	0.0035375654697418213
test_0754	0.00675693154335022
test_0755	0.0011352598667144775
test_0756	0.0018443167209625244
test_0757	0.03695234656333923
test_0758	0.002030611038208008
test_0759	0.0008327364921569824
test_0760	0.0001716911792755127
test_0761	0.0016563236713409424
test_0762	0.5628678798675537
test_0763	0.0006883442401885986
test_0764	0.0014510750770568848
test_0765	0.003309190273284912
test_0766	0.0004044771194458008
test_0767	0.0013933777809143066
test_0768	0.010135233402252197
test_0769	0.0009226202964782715
test_0770	0.0013630390167236328
test_0771	0.00047832727432250977
test_0772	0.001398921012878418
test_0773	0.004418164491653442
test_0774	0.0024959444999694824
test_0775	0.0019453763961791992
test_0776	0.010223925113677979
test_0777	0.2986643314361572
test_0778	0.012950360774993896
test_0779	0.0015318989753723145
test_0780	0.9440979957580566
test_0781	0.01288747787475586
test_0782	0.0005443394184112549
test_0783	0.001197516918182373
test_0784	0.007085978984832764
test_0785	0.0020108819007873535
test_0786	0.002131849527359009
test_0787	0.0008747875690460205
test_0788	0.001754075288772583
test_0789	0.12034857273101807
test_0790	0.009929090738296509
test_0791	0.0052509605884552
test_0792	0.001623392105102539
test_0793	0.0014013051986694336
test_0794	0.014630645513534546
test_0795	0.0010291039943695068
test_0796	0.0006769895553588867
test_0797	0.0016658008098602295
test_0798	0.0022038519382476807
test_0799	0.0012295842170715332
test_0800	0.0014088153839111328
test_0801	0.9848363995552063
test_0802	0.0013411641120910645
test_0803	0.005633324384689331
test_0804	0.005075007677078247
test_0805	0.0028575658798217773
test_0806	0.0011851489543914795
test_0807	0.0005448758602142334
test_0808	0.0026632845401763916
test_0809	0.0008490085601806641
test_0810	0.0013460218906402588
test_0811	0.0003362894058227539
test_0812	0.001267164945602417
test_0813	0.0006428956985473633
test_0814	0.0009407401084899902
test_0815	0.005814701318740845
test_0816	0.0015588700771331787
test_0817	0.010936707258224487
test_0818	0.0018365085124969482
test_0819	0.0032078325748443604
test_0820	0.003968387842178345
test_0821	0.003843843936920166
test_0822	0.0005683302879333496
test_0823	0.0006828904151916504
test_0824	0.0006930828094482422
test_0825	0.0024380385875701904
test_0826	0.3875567615032196
test_0827	0.003090500831604004
test_0828	0.0014841854572296143
test_0829	0.9538253545761108
test_0830	0.0026947855949401855
test_0831	0.004615038633346558
test_0832	0.0015091300010681152
test_0833	0.8825279474258423
test_0834	0.09355941414833069
test_0835	0.0007081031799316406
test_0836	0.0026400983333587646
test_0837	0.00144234299659729
test_0838	0.0008136630058288574
test_0839	0.0010385215282440186
test_0840	0.0017374157905578613
test_0841	0.0030868053436279297
test_0842	0.007426708936691284
test_0843	0.0018524229526519775
test_0844	0.0038048923015594482
test_0845	0.001597583293914795
test_0846	0.0012940764427185059
test_0847	0.0066336989402771
test_0848	0.0014073550701141357
test_0849	0.0012958943843841553
test_0850	0.001542896032333374
test_0851	0.0019498467445373535
test_0852	0.0009965598583221436
test_0853	0.0008626580238342285
test_0854	0.0032505393028259277
test_0855	0.003028184175491333
test_0856	0.008825033903121948
test_0857	0.0030771195888519287
test_0858	0.0009139478206634521
test_0859	0.008000940084457397
test_0860	0.8109536170959473
test_0861	0.0017910599708557129
test_0862	0.47657644748687744
test_0863	0.0010208189487457275
test_0864	0.0012661218643188477
test_0865	0.0005193054676055908
test_0866	0.0006554126739501953
test_0867	0.002153635025024414
test_0868	0.0010321438312530518
test_0869	0.003847360610961914
test_0870	0.0017490386962890625
test_0871	0.030752211809158325
test_0872	0.0006083250045776367
test_0873	0.0011957287788391113
test_0874	0.12538599967956543
test_0875	0.00047403573989868164
test_0876	0.0015380382537841797
test_0877	0.0011248886585235596
test_0878	0.0005924403667449951
test_0879	0.0010885000228881836
test_0880	0.0004443526268005371
test_0881	0.0019764602184295654
test_0882	0.0020639002323150635
test_0883	0.001059889793395996
test_0884	0.0007074475288391113
test_0885	0.001172393560409546
test_0886	0.002918452024459839
test_0887	0.004715979099273682
test_0888	0.0005952417850494385
test_0889	0.005994856357574463
test_0890	0.004580050706863403
test_0891	0.002713620662689209
test_0892	0.008424341678619385
test_0893	0.008802920579910278
test_0894	0.00048083066940307617
test_0895	0.009126752614974976
test_0896	0.00667041540145874
test_0897	0.001887202262878418
test_0898	0.0054333508014678955
test_0899	0.0003490746021270752
test_0900	0.0016106963157653809
test_0901	0.007877737283706665
test_0902	0.0009166598320007324
test_0903	0.0015985369682312012
test_0904	0.01635226607322693
test_0905	0.0009293258190155029
test_0906	0.00030040740966796875
test_0907	0.003018319606781006
test_0908	0.018291503190994263
test_0909	0.00493815541267395
test_0910	0.0015281736850738525
test_0911	0.9796327352523804
test_0912	0.0015334486961364746
test_0913	0.23291310667991638
test_0914	0.0008963942527770996
test_0915	0.002395540475845337
test_0916	0.0017299056053161621
test_0917	0.0006045401096343994
test_0918	0.005318820476531982
test_0919	0.0011232197284698486
test_0920	0.0007365047931671143
test_0921	0.002506077289581299
test_0922	0.0017606616020202637
test_0923	0.0016216039657592773
test_0924	0.0026082992553710938
test_0925	0.0035563409328460693
test_0926	0.9446954727172852
test_0927	0.0007872581481933594
test_0928	0.0014842748641967773
test_0929	0.0007650852203369141
test_0930	0.0004317760467529297
test_0931	0.0009842216968536377
test_0932	0.003693819046020508
test_0933	0.001068413257598877
test_0934	0.0008259713649749756
test_0935	0.002898991107940674
test_0936	0.14670971035957336
test_0937	0.0009812116622924805
test_0938	0.6631536483764648
test_0939	0.0020171701908111572
test_0940	0.0009866654872894287
test_0941	0.0007944703102111816
test_0942	0.0028905272483825684
test_0943	0.002145111560821533
test_0944	0.0064826905727386475
test_0945	0.0010593533515930176
test_0946	0.0027518272399902344
test_0947	0.0010546743869781494
test_0948	0.0024144351482391357
test_0949	0.0011667907238006592
test_0950	0.9421848058700562
test_0951	0.001275867223739624
test_0952	0.001306086778640747
test_0953	0.0023881196975708008
test_0954	0.0004773437976837158
test_0955	0.0013283789157867432
test_0956	0.1710430383682251
test_0957	0.00911492109298706
test_0958	0.006223052740097046
test_0959	0.0012136101722717285
test_0960	0.002078503370285034
test_0961	0.004997998476028442
test_0962	0.01887798309326172
test_0963	0.013680875301361084
test_0964	0.3361194133758545
test_0965	0.006355077028274536
test_0966	0.0029358863830566406
test_0967	0.001179426908493042
test_0968	0.004218459129333496
test_0969	0.0011335313320159912
test_0970	0.0008969604969024658
test_0971	0.0010032057762145996
test_0972	0.0002833902835845947
test_0973	0.0027980804443359375
test_0974	0.0011236071586608887
test_0975	0.0006677508354187012
test_0976	0.001382291316986084
test_0977	0.002861499786376953
test_0978	0.0007577240467071533
test_0979	0.0011781156063079834
test_0980	0.002146095037460327
test_0981	0.9507551193237305
test_0982	0.04617232084274292
test_0983	0.00048103928565979004
test_0984	0.0006440877914428711
test_0985	0.0005745589733123779
test_0986	0.8946269750595093
test_0987	0.006132692098617554
test_0988	0.0021427273750305176
test_0989	0.0016038715839385986
test_0990	0.001567542552947998
test_0991	0.0005460679531097412
test_0992	0.01239660382270813
test_0993	0.0020956695079803467
test_0994	0.0004838407039642334
test_0995	0.0008735358715057373
test_0996	0.8341412544250488
test_0997	0.001279294490814209
test_0998	0.0006918609142303467
test_0999	0.0018048882484436035
test_1000	0.0012121796607971191
test_1001	0.0007248222827911377
test_1002	0.0011682510375976562
test_1003	0.001637965440750122
test_1004	0.0005098879337310791
test_1005	0.002881675958633423
test_1006	0.0014117062091827393
test_1007	0.0030533671379089355
test_1008	0.001219242811203003
test_1009	0.0025472044944763184
test_1010	0.0017353296279907227
test_1011	0.0014865100383758545
test_1012	0.0007599294185638428
test_1013	0.002191603183746338
test_1014	0.008809208869934082
test_1015	0.0008763372898101807
test_1016	0.0005315244197845459
test_1017	0.002768903970718384
test_1018	0.0007223784923553467
test_1019	0.0016074180603027344
test_1020	0.0010008811950683594
test_1021	0.00046244263648986816
test_1022	0.005938678979873657
test_1023	0.0025424063205718994
test_1024	0.0025548040866851807
test_1025	0.013154447078704834
test_1026	0.0010987520217895508
test_1027	0.00429198145866394
test_1028	0.001076430082321167
test_1029	0.0010228157043457031
test_1030	0.000657498836517334
test_1031	0.0008455216884613037
test_1032	0.0016758739948272705
test_1033	0.0033324062824249268
test_1034	0.0047310590744018555
test_1035	0.0009179413318634033
test_1036	0.001168578863143921
test_1037	0.0030256807804107666
test_1038	0.0012352466583251953
test_1039	0.0027615725994110107
test_1040	0.0005880296230316162
test_1041	0.0008654892444610596
test_1042	0.0006284415721893311
test_1043	0.01768168807029724
test_1044	0.0005913674831390381
test_1045	0.00044164061546325684
test_1046	0.0039286017417907715
test_1047	0.0012439489364624023
test_1048	0.003159940242767334
test_1049	0.003649502992630005
test_1050	0.000792086124420166
test_1051	0.0017187893390655518
test_1052	0.0003764331340789795
test_1053	0.003371596336364746
test_1054	0.004397988319396973
test_1055	0.0018155276775360107
test_1056	0.0037802159786224365
test_1057	0.0018930137157440186
test_1058	0.3780595064163208
test_1059	0.005151242017745972
test_1060	0.002074599266052246
test_1061	0.0018650293350219727
test_1062	0.00048047304153442383
test_1063	0.0006770789623260498
test_1064	0.0005044639110565186
test_1065	0.0022509992122650146
test_1066	0.0008648037910461426
test_1067	0.001371920108795166
test_1068	0.0007516145706176758
test_1069	0.0017418861389160156
test_1070	0.0017077624797821045
test_1071	0.0007935762405395508
test_1072	0.0016765594482421875
test_1073	0.010146796703338623
test_1074	0.0021948516368865967
test_1075	0.0008468031883239746
test_1076	0.000665128231048584
test_1077	0.0008052587509155273
test_1078	0.005803793668746948
test_1079	0.001485288143157959
test_1080	0.006583303213119507
test_1081	0.0005615949630737305
test_1082	0.0013560354709625244
test_1083	0.0011376738548278809
test_1084	0.05775296688079834
test_1085	0.001290440559387207
test_1086	0.0014999806880950928
test_1087	0.001319974660873413
test_1088	0.0013313591480255127
test_1089	0.0010408759117126465
test_1090	0.0008494257926940918
test_1091	0.004586845636367798
test_1092	0.00044864416122436523
test_1093	0.0010023713111877441
test_1094	0.0017802715301513672
test_1095	0.09413725137710571
test_1096	0.0004992187023162842
test_1097	0.0011057555675506592
test_1098	0.006024152040481567
test_1099	0.0005009770393371582
test_1100	0.00024211406707763672
test_1101	0.0010318756103515625
test_1102	0.001426994800567627
test_1103	0.007341176271438599
test_1104	0.013491839170455933
test_1105	0.0009249448776245117
test_1106	0.0009968280792236328
test_1107	0.001809448003768921
test_1108	0.0017144083976745605
test_1109	0.0011030733585357666
test_1110	0.0007181465625762939
test_1111	0.0062142908573150635
test_1112	0.0011799037456512451
test_1113	0.0027617216110229492
test_1114	0.0022166073322296143
test_1115	0.008456110954284668
test_1116	0.0021077394485473633
test_1117	0.0008334517478942871
test_1118	0.01593276858329773
test_1119	0.007813096046447754
test_1120	0.02318081259727478
test_1121	0.0007583498954772949
test_1122	0.0003628730773925781
test_1123	0.0013905763626098633
test_1124	0.007341444492340088
test_1125	0.0034638643264770508
test_1126	0.009685486555099487
test_1127	0.008106708526611328
test_1128	0.002889305353164673
test_1129	0.0015516281127929688
test_1130	0.00047266483306884766
test_1131	0.0029432177543640137
test_1132	0.970604419708252
test_1133	0.004510372877120972
test_1134	0.0035172998905181885
test_1135	0.0011006295680999756
test_1136	0.004258632659912109
test_1137	0.0020813941955566406
test_1138	0.0018730461597442627
test_1139	0.004732400178909302
test_1140	0.0033715367317199707
test_1141	0.00550350546836853
test_1142	0.0007241964340209961
test_1143	0.0004724264144897461
test_1144	0.0008769631385803223
test_1145	0.026384592056274414
test_1146	0.001119852066040039
test_1147	0.9844983816146851
test_1148	0.0010907948017120361
test_1149	0.0014409422874450684
test_1150	0.003951430320739746
test_1151	0.0077634453773498535
test_1152	0.003913074731826782
test_1153	0.025577902793884277
test_1154	0.0015742778778076172
test_1155	0.0022706985473632812
test_1156	0.003731369972229004
test_1157	0.007337987422943115
test_1158	0.0005384385585784912
test_1159	0.0006826221942901611
test_1160	0.0006345212459564209
test_1161	0.0003415048122406006
test_1162	0.08785277605056763
test_1163	0.0047965943813323975
test_1164	0.0017778873443603516
test_1165	0.8406792879104614
test_1166	0.0032331347465515137
test_1167	0.00020268559455871582
test_1168	0.0005759000778198242
test_1169	0.0009188652038574219
test_1170	0.018172621726989746
test_1171	0.00456923246383667
test_1172	0.0013463199138641357
test_1173	0.0009738802909851074
test_1174	0.030852586030960083
test_1175	0.00043386220932006836
test_1176	0.0009514391422271729
test_1177	0.005083680152893066
test_1178	0.0018216967582702637
test_1179	0.0014609694480895996
test_1180	0.04156494140625
test_1181	0.0007201135158538818
test_1182	0.000650554895401001
test_1183	0.002936422824859619
test_1184	0.0006664693355560303
test_1185	0.9063212871551514
test_1186	0.0007828176021575928
test_1187	0.0039034485816955566
test_1188	0.0027509331703186035
test_1189	0.007889598608016968
test_1190	0.0005500614643096924
test_1191	0.0038510262966156006
test_1192	0.0008921027183532715
test_1193	0.004235267639160156
test_1194	0.01081472635269165
test_1195	0.0003007650375366211
test_1196	0.0012563467025756836
test_1197	0.006729096174240112
test_1198	0.0010293126106262207
test_1199	0.0016723871231079102
test_1200	0.0005323588848114014
test_1201	0.005128234624862671
test_1202	0.0020000040531158447
test_1203	0.0020699799060821533
test_1204	0.0032335519790649414
test_1205	0.0026740729808807373
test_1206	0.29582101106643677
test_1207	0.02555239200592041
test_1208	0.0052967369556427
test_1209	0.0017172694206237793
test_1210	0.0013543367385864258
test_1211	0.006903499364852905
test_1212	0.0007510185241699219
test_1213	0.0014398396015167236
test_1214	0.003177255392074585
test_1215	0.001018613576889038
test_1216	0.0006113350391387939
test_1217	0.002576589584350586
test_1218	0.001534581184387207
test_1219	0.0009340047836303711
test_1220	0.0004035532474517822
test_1221	0.0016541481018066406
test_1222	0.001984834671020508
test_1223	0.0012802183628082275
test_1224	0.005409836769104004
test_1225	0.98966383934021
test_1226	0.0027721524238586426
test_1227	0.0055217444896698
test_1228	0.0029791593551635742
test_1229	0.0018998980522155762
test_1230	0.002671152353286743
test_1231	0.0015326142311096191
test_1232	0.0011200904846191406
test_1233	0.0004589557647705078
test_1234	0.0010691583156585693
test_1235	0.9889618158340454
test_1236	0.0007293224334716797
test_1237	0.0026914775371551514
test_1238	0.011975467205047607
test_1239	0.004178076982498169
test_1240	0.0006747543811798096
test_1241	0.0015957355499267578
test_1242	0.003364384174346924
test_1243	0.9858715534210205
test_1244	0.0021061599254608154
test_1245	0.9772593379020691
test_1246	0.0015892386436462402
test_1247	0.0026837587356567383
test_1248	0.0018722712993621826
test_1249	0.0020058751106262207
test_1250	0.0006751418113708496
test_1251	0.0019787251949310303
test_1252	0.0011557936668395996
test_1253	0.0013044178485870361
test_1254	0.0010540187358856201
test_1255	0.0010890662670135498
test_1256	0.00040963292121887207
test_1257	0.005852699279785156
test_1258	0.0020638108253479004
test_1259	0.0006037354469299316
test_1260	0.0009617805480957031
test_1261	0.0006384849548339844
test_1262	0.012811213731765747
test_1263	0.0007763206958770752
test_1264	0.009039640426635742
test_1265	0.005905270576477051
test_1266	0.0020267069339752197
test_1267	0.8529847860336304
test_1268	0.0004794597625732422
test_1269	0.0009024143218994141
test_1270	0.002893775701522827
test_1271	0.0008267760276794434
test_1272	0.0017857849597930908
test_1273	0.13911586999893188
test_1274	0.005564242601394653
test_1275	0.00124320387840271
test_1276	0.0017198920249938965
test_1277	0.0013428330421447754
test_1278	0.0005747973918914795
test_1279	0.0052901506423950195
test_1280	0.0004069209098815918
test_1281	0.0037035346031188965
test_1282	0.0017554163932800293
test_1283	0.0014234185218811035
test_1284	0.0009399652481079102
test_1285	0.0007918179035186768
test_1286	0.001529783010482788
test_1287	0.00611114501953125
test_1288	0.00032383203506469727
test_1289	0.0022812187671661377
test_1290	0.01260480284690857
test_1291	0.0011971890926361084
test_1292	0.003366440534591675
test_1293	0.0008981823921203613
test_1294	0.0007644891738891602
test_1295	0.0005814433097839355
test_1296	0.00031828880310058594
test_1297	0.0010447502136230469
test_1298	0.008286386728286743
test_1299	0.004737496376037598
test_1300	0.014309465885162354
test_1301	0.0020044445991516113
test_1302	0.0024433434009552
test_1303	0.006075412034988403
test_1304	0.0009186267852783203
test_1305	0.0020506083965301514
test_1306	0.0017552077770233154
test_1307	0.01967528462409973
test_1308	0.003620654344558716
test_1309	0.0012852251529693604
test_1310	0.0005557239055633545
test_1311	0.0005310773849487305
test_1312	0.0010979175567626953
test_1313	0.0011693239212036133
test_1314	0.0023762881755828857
test_1315	0.0006102919578552246
test_1316	0.01951432228088379
test_1317	0.001858741044998169
test_1318	0.00035941600799560547
test_1319	0.007312417030334473
test_1320	0.00698968768119812
test_1321	0.00514635443687439
test_1322	0.8706402778625488
test_1323	0.0014503896236419678
test_1324	0.0007191300392150879
test_1325	0.0006732642650604248
test_1326	0.000797957181930542
test_1327	0.0036749839782714844
test_1328	0.0006366372108459473
test_1329	0.0018459856510162354
test_1330	0.0003782510757446289
test_1331	0.003246486186981201
test_1332	0.0008278489112854004
test_1333	0.0007678568363189697
test_1334	0.0018315911293029785
test_1335	0.004425734281539917
test_1336	0.01303204894065857
test_1337	0.0010561048984527588
test_1338	0.005588322877883911
test_1339	0.0008244812488555908
test_1340	0.0017744004726409912
test_1341	0.002124786376953125
test_1342	0.00039246678352355957
test_1343	0.493624210357666
test_1344	0.00045096874237060547
test_1345	0.006282120943069458
test_1346	0.014928370714187622
test_1347	0.0005036592483520508
test_1348	0.0006430447101593018
test_1349	0.004036515951156616
test_1350	0.002639591693878174
test_1351	0.0019966959953308105
test_1352	0.000954359769821167
test_1353	0.0006958246231079102
test_1354	0.001212000846862793
test_1355	0.007014453411102295
test_1356	0.033075809478759766
test_1357	0.00163307785987854
test_1358	0.0037644803524017334
test_1359	0.0014556050300598145
test_1360	0.0016278326511383057
test_1361	0.004264712333679199
test_1362	0.00035819411277770996
test_1363	0.0011595487594604492
test_1364	0.036996155977249146
test_1365	0.00061836838722229
test_1366	0.0002466142177581787
test_1367	0.0009562373161315918
test_1368	0.002409428358078003
test_1369	0.9829535484313965
test_1370	0.0013898015022277832
test_1371	0.0007537305355072021
test_1372	0.36692267656326294
test_1373	0.008421778678894043
test_1374	0.0025480985641479492
test_1375	0.00035327672958374023
test_1376	0.002130359411239624
test_1377	0.0035741329193115234
test_1378	0.0017708539962768555
test_1379	0.003535538911819458
test_1380	0.08160394430160522
test_1381	0.004419237375259399
test_1382	0.0008650124073028564
test_1383	0.002033025026321411
test_1384	0.001358628273010254
test_1385	0.0007701218128204346
test_1386	0.002668410539627075
test_1387	0.0005519986152648926
test_1388	0.0010072886943817139
test_1389	0.011493414640426636
test_1390	0.047739624977111816
test_1391	0.008565008640289307
test_1392	0.001084357500076294
test_1393	0.003660649061203003
test_1394	0.9830977916717529
test_1395	0.000923454761505127
test_1396	0.0004630088806152344
test_1397	0.0007347762584686279
test_1398	0.8947209119796753
test_1399	0.0012197792530059814
test_1400	0.004275500774383545
test_1401	0.9758327007293701
test_1402	0.002006620168685913
test_1403	0.001177966594696045
test_1404	0.7270063161849976
test_1405	0.010167419910430908
test_1406	0.0007829666137695312
test_1407	0.001985609531402588
test_1408	0.004482060670852661
test_1409	0.025851815938949585
test_1410	0.0028610527515411377
test_1411	0.009644627571105957
test_1412	0.006668746471405029
test_1413	0.0003121793270111084
test_1414	0.0004915595054626465
test_1415	0.006315439939498901
test_1416	0.0039403438568115234
test_1417	0.0022699832916259766
test_1418	0.0006753802299499512
test_1419	0.0007780492305755615
test_1420	0.005703717470169067
test_1421	0.6495035290718079
test_1422	0.0011036992073059082
test_1423	0.002662360668182373
test_1424	0.0009582936763763428
test_1425	0.0015500783920288086
test_1426	0.004842251539230347
test_1427	0.0010312795639038086
test_1428	0.0007760822772979736
test_1429	0.002348184585571289
test_1430	0.010226249694824219
test_1431	0.002824127674102783
test_1432	0.0011021792888641357
test_1433	0.002401977777481079
test_1434	0.0013166069984436035
test_1435	0.0010016560554504395
test_1436	0.0005806982517242432
test_1437	0.038431793451309204
test_1438	0.00643119215965271
test_1439	0.0008098185062408447
test_1440	0.01111176609992981
test_1441	0.0010147392749786377
test_1442	0.002043783664703369
test_1443	0.0002727210521697998
test_1444	0.010193020105361938
test_1445	0.0018523931503295898
test_1446	0.0030314624309539795
test_1447	0.002457857131958008
test_1448	0.0005188584327697754
test_1449	0.0006469190120697021
test_1450	0.0022110342979431152
test_1451	0.000463634729385376
test_1452	0.0010762512683868408
test_1453	0.8910504579544067
test_1454	0.007324814796447754
test_1455	0.00079306960105896
test_1456	0.004972130060195923
test_1457	0.0017463266849517822
test_1458	0.0011610090732574463
test_1459	0.0013896524906158447
test_1460	0.3820759356021881
test_1461	0.0009003877639770508
test_1462	0.002375185489654541
test_1463	0.001979738473892212
test_1464	0.022816836833953857
test_1465	0.5620230436325073
test_1466	0.009686559438705444
test_1467	0.006933838129043579
test_1468	0.07574689388275146
test_1469	0.001223921775817871
test_1470	0.004604429006576538
test_1471	0.0010904967784881592
test_1472	0.0017425715923309326
test_1473	0.0038836896419525146
test_1474	0.79230797290802
test_1475	0.000568777322769165
test_1476	0.003522425889968872
test_1477	0.0018703043460845947
test_1478	0.003482639789581299
test_1479	0.000802457332611084
test_1480	0.001185387372970581
test_1481	0.0007994472980499268
test_1482	0.004962146282196045
test_1483	0.987908661365509
test_1484	0.005509763956069946
test_1485	0.7353841066360474
test_1486	0.00562441349029541
test_1487	0.001423656940460205
test_1488	0.0006963014602661133
test_1489	0.01581987738609314
test_1490	0.001962333917617798
test_1491	0.0038447976112365723
test_1492	0.00108259916305542
test_1493	0.0007618069648742676
test_1494	0.0012162327766418457
test_1495	0.0038018226623535156
test_1496	0.0005481243133544922
test_1497	0.9860643744468689
test_1498	0.0011133849620819092
test_1499	0.003169536590576172
test_1500	0.0009352266788482666
test_1501	0.01904904842376709
test_1502	0.00444948673248291
test_1503	0.0026165246963500977
test_1504	0.0014475584030151367
test_1505	0.004018932580947876
test_1506	0.0007745921611785889
test_1507	0.0008056461811065674
test_1508	0.0005595684051513672
test_1509	0.001647353172302246
test_1510	0.0031521618366241455
test_1511	0.000995546579360962
test_1512	0.0009246468544006348
test_1513	0.006166279315948486
test_1514	0.0008113384246826172
test_1515	0.004438668489456177
test_1516	0.003396451473236084
test_1517	0.0012267231941223145
test_1518	0.0019293427467346191
test_1519	0.001038879156112671
test_1520	0.0012618303298950195
test_1521	0.0002314448356628418
test_1522	0.0113525390625
test_1523	0.00048792362213134766
test_1524	0.0006886422634124756
test_1525	0.006797313690185547
test_1526	0.0010099411010742188
test_1527	0.0027838945388793945
test_1528	0.0010427534580230713
test_1529	0.0005158185958862305
test_1530	0.00047206878662109375
test_1531	0.001164942979812622
test_1532	0.002265751361846924
test_1533	0.0007278621196746826
test_1534	0.9899008274078369
test_1535	0.0034207701683044434
test_1536	0.014839112758636475
test_1537	0.0029832422733306885
test_1538	0.0010432004928588867
test_1539	0.0026980936527252197
test_1540	0.0013383328914642334
test_1541	0.0020915567874908447
test_1542	0.0010904371738433838
test_1543	0.0015454590320587158
test_1544	0.0023075640201568604
test_1545	0.0021130740642547607
test_1546	0.0012207627296447754
test_1547	0.0004253983497619629
test_1548	0.0012559890747070312
test_1549	0.001516580581665039
test_1550	0.010158061981201172
test_1551	0.0005483329296112061
test_1552	0.0006886124610900879
test_1553	0.0006903111934661865
test_1554	0.0010529160499572754
test_1555	0.0015431344509124756
test_1556	0.001333862543106079
test_1557	0.0007295906543731689
test_1558	0.00021117925643920898
test_1559	0.7892635464668274
test_1560	0.0025877952575683594
test_1561	0.0028106272220611572
test_1562	0.003942161798477173
test_1563	0.00258481502532959
test_1564	0.0008172988891601562
test_1565	0.08335444331169128
test_1566	0.002438753843307495
test_1567	0.0031454265117645264
test_1568	0.003239452838897705
test_1569	0.6283511519432068
test_1570	0.9916785955429077
test_1571	0.0007099509239196777
test_1572	0.0014220476150512695
test_1573	0.000370711088180542
test_1574	0.0013346672058105469
test_1575	0.002554953098297119
test_1576	0.007353097200393677
test_1577	0.000885695219039917
test_1578	0.0012489855289459229
test_1579	0.9673269391059875
test_1580	0.009994059801101685
test_1581	0.00042381882667541504
test_1582	0.0014731287956237793
test_1583	0.0027211010456085205
test_1584	0.0011105537414550781
test_1585	0.9418967962265015
test_1586	0.0009447038173675537
test_1587	0.003182530403137207
test_1588	0.0007539093494415283
test_1589	0.00466802716255188
test_1590	0.0005449950695037842
test_1591	0.0029110610485076904
test_1592	0.0012536048889160156
test_1593	0.008496195077896118
test_1594	0.0006110668182373047
test_1595	0.0006111264228820801
test_1596	0.0019845962524414062
test_1597	0.01181212067604065
test_1598	0.0014800727367401123
test_1599	0.0020997822284698486
test_1600	0.0006642937660217285
test_1601	0.0017417669296264648
test_1602	0.001591324806213379
test_1603	0.006474018096923828
test_1604	0.0018311142921447754
test_1605	0.000673443078994751
test_1606	0.0006121993064880371
test_1607	0.0028394460678100586
test_1608	0.0003351569175720215
test_1609	0.00131911039352417
test_1610	0.7692088484764099
test_1611	0.001963585615158081
test_1612	0.002992004156112671
test_1613	0.0006191730499267578
test_1614	0.0015009045600891113
test_1615	0.8999427556991577
test_1616	0.0013417601585388184
test_1617	0.002321898937225342
test_1618	0.001530468463897705
test_1619	0.9905812740325928
test_1620	0.011630147695541382
test_1621	0.002223104238510132
test_1622	0.0021670758724212646
test_1623	0.0009895265102386475
test_1624	0.0026813149452209473
test_1625	0.0016472935676574707
test_1626	0.0028090476989746094
test_1627	0.000475466251373291
test_1628	0.9348316192626953
test_1629	0.0011780261993408203
test_1630	0.001068115234375
test_1631	0.0026843249797821045
test_1632	0.000652611255645752
test_1633	0.0015278458595275879
test_1634	0.009592205286026001
test_1635	0.0015640854835510254
test_1636	0.01593717932701111
test_1637	0.0015157461166381836
test_1638	0.0020645856857299805
test_1639	0.004971683025360107
test_1640	0.0005079805850982666
test_1641	0.0015672743320465088
test_1642	0.0010502338409423828
test_1643	0.0014852583408355713
test_1644	0.0052516162395477295
test_1645	0.004569113254547119
test_1646	0.0015169084072113037
test_1647	0.0004035830497741699
test_1648	0.0014212429523468018
test_1649	0.0017522871494293213
test_1650	0.0018996894359588623
test_1651	0.004147350788116455
test_1652	0.07032325863838196
test_1653	0.0015169382095336914
test_1654	0.0007294714450836182
test_1655	0.0032507479190826416
test_1656	0.8277958035469055
test_1657	0.15606555342674255
test_1658	0.0024300217628479004
test_1659	0.000654369592666626
test_1660	0.00200769305229187
test_1661	0.0008899271488189697
test_1662	0.0023186206817626953
test_1663	0.009923815727233887
test_1664	0.0021593570709228516
test_1665	0.032268524169921875
test_1666	0.0006068050861358643
test_1667	0.9959824681282043
test_1668	0.0010110437870025635
test_1669	0.0009976625442504883
test_1670	0.0004544258117675781
test_1671	0.002424001693725586
test_1672	0.0037401020526885986
test_1673	0.014510929584503174
test_1674	0.0017811357975006104
test_1675	0.002045363187789917
test_1676	0.003036797046661377
test_1677	0.0016253292560577393
test_1678	0.0009511709213256836
test_1679	0.001461416482925415
test_1680	0.0003540217876434326
test_1681	0.0009180307388305664
test_1682	0.0009118616580963135
test_1683	0.016564220190048218
test_1684	0.0007469654083251953
test_1685	0.001391977071762085
test_1686	0.0022516846656799316
test_1687	0.0038860440254211426
test_1688	0.0007243156433105469
test_1689	0.005848973989486694
test_1690	0.0005425512790679932
test_1691	0.0010538101196289062
test_1692	0.0008047521114349365
test_1693	0.0016846656799316406
test_1694	0.001300215721130371
test_1695	0.008986413478851318
test_1696	0.0008267760276794434
test_1697	0.005985945463180542
test_1698	0.005439430475234985
test_1699	0.002125680446624756
test_1700	0.0003905296325683594
test_1701	0.0009295344352722168
test_1702	0.001141279935836792
test_1703	0.0006600320339202881
test_1704	0.00459367036819458
test_1705	0.008360713720321655
test_1706	0.01936185359954834
test_1707	0.0012504160404205322
test_1708	0.0027376413345336914
test_1709	0.0016348063945770264
test_1710	0.0006893575191497803
test_1711	0.0025089681148529053
test_1712	0.0016041100025177002
test_1713	0.0010019540786743164
test_1714	0.025466442108154297
test_1715	0.0009873807430267334
test_1716	0.0009192228317260742
test_1717	0.0010359585285186768
test_1718	0.9835982322692871
test_1719	0.0015943348407745361
test_1720	0.0145893394947052
test_1721	0.9837200045585632
test_1722	0.04468408226966858
test_1723	0.005700528621673584
test_1724	0.0010250508785247803
test_1725	0.00485461950302124
test_1726	0.011865288019180298
test_1727	0.001781165599822998
test_1728	0.003524959087371826
test_1729	0.000613480806350708
test_1730	0.0012652277946472168
test_1731	0.002419590950012207
test_1732	0.0015572309494018555
test_1733	0.0007361769676208496
test_1734	0.0008325278759002686
test_1735	0.0029784440994262695
test_1736	0.0019137859344482422
test_1737	0.0012579262256622314
test_1738	0.0005959570407867432
test_1739	0.0016695857048034668
test_1740	0.009340524673461914
test_1741	0.0008439719676971436
test_1742	0.0026733577251434326
test_1743	0.0016434788703918457
test_1744	0.0006535649299621582
test_1745	0.0025067925453186035
test_1746	0.0013012588024139404
test_1747	0.0011559724807739258
test_1748	0.0004940330982208252
test_1749	0.0007411837577819824
test_1750	0.0031381845474243164
test_1751	0.0005091428756713867
test_1752	0.0007702112197875977
test_1753	0.0016136765480041504
test_1754	0.0008521676063537598
test_1755	0.0005249679088592529
test_1756	0.0019434094429016113
test_1757	0.7249243855476379
test_1758	0.001263052225112915
test_1759	0.0008020401000976562
test_1760	0.0074994564056396484
test_1761	0.002184361219406128
test_1762	0.0009503066539764404
test_1763	0.0532551109790802
test_1764	0.011382192373275757
test_1765	0.0013298392295837402
test_1766	0.003496110439300537
test_1767	0.08617362380027771
test_1768	0.0009031593799591064
test_1769	0.008569091558456421
test_1770	0.001383066177368164
test_1771	0.0009372234344482422
test_1772	0.9777100086212158
test_1773	0.007559239864349365
test_1774	0.0008474886417388916
test_1775	0.0010335445404052734
test_1776	0.0034709274768829346
test_1777	0.0004163682460784912
test_1778	0.0003725886344909668
test_1779	0.00047394633293151855
test_1780	0.000825047492980957
test_1781	0.00033658742904663086
test_1782	0.0011824369430541992
test_1783	0.6549884676933289
test_1784	0.007297009229660034
test_1785	0.004050940275192261
test_1786	0.007353335618972778
test_1787	0.005190461874008179
test_1788	0.005317270755767822
test_1789	0.0014893710613250732
test_1790	0.001824021339416504
test_1791	0.0010412335395812988
test_1792	0.006154388189315796
test_1793	0.0009146928787231445
test_1794	0.0006214678287506104
test_1795	0.007343411445617676
test_1796	0.0014862418174743652
test_1797	0.0003382563591003418
test_1798	0.2053757607936859
test_1799	0.00037857890129089355
test_1800	0.0008969604969024658
test_1801	0.0756520926952362
test_1802	0.001481086015701294
test_1803	0.0013961195945739746
test_1804	0.0009104609489440918
test_1805	0.0008046329021453857
test_1806	0.0032781660556793213
test_1807	0.0035509467124938965
test_1808	0.0006769001483917236
test_1809	0.0010164380073547363
test_1810	0.0005286931991577148
test_1811	0.0022372007369995117
test_1812	0.003156989812850952
test_1813	0.003227531909942627
test_1814	0.002924412488937378
test_1815	0.0009804069995880127
test_1816	0.0016005337238311768
test_1817	0.0007982552051544189
test_1818	0.00924462080001831
test_1819	0.0007055401802062988
test_1820	0.0010193288326263428
test_1821	0.002223074436187744
test_1822	0.21437230706214905
test_1823	0.9473083019256592
test_1824	0.0014566481113433838
test_1825	0.008158445358276367
test_1826	0.0030907094478607178
test_1827	0.0014480352401733398
test_1828	0.01669156551361084
test_1829	0.9870314598083496
test_1830	0.003193676471710205
test_1831	0.0011118948459625244
test_1832	0.0019140541553497314
test_1833	0.004478126764297485
test_1834	0.001091986894607544
test_1835	0.0011575818061828613
test_1836	0.0005639493465423584
test_1837	0.003394573926925659
test_1838	0.003868311643600464
test_1839	0.0007441341876983643
test_1840	0.0014920830726623535
test_1841	0.004005730152130127
test_1842	0.0011811554431915283
test_1843	0.007889717817306519
test_1844	0.001176208257675171
test_1845	0.0025245845317840576
test_1846	0.0014533400535583496
test_1847	0.0004614591598510742
test_1848	0.0008251070976257324
test_1849	0.0014374256134033203
test_1850	0.003475189208984375
test_1851	0.006508350372314453
test_1852	0.0007680952548980713
test_1853	0.9897283315658569
test_1854	0.0006826519966125488
test_1855	0.004934549331665039
test_1856	0.0005209445953369141
test_1857	0.003611624240875244
test_1858	0.0035191774368286133
test_1859	0.002351105213165283
test_1860	0.0007124245166778564
test_1861	0.0017844438552856445
test_1862	0.001765429973602295
test_1863	0.002261042594909668
test_1864	0.003182023763656616
test_1865	0.0009616613388061523
test_1866	0.0012104809284210205
test_1867	0.003014862537384033
test_1868	0.0006158351898193359
test_1869	0.0016644299030303955
test_1870	0.005664557218551636
test_1871	0.0017870962619781494
test_1872	0.00123518705368042
test_1873	0.21495047211647034
test_1874	0.0028405189514160156
test_1875	0.003537803888320923
test_1876	0.0005471408367156982
test_1877	0.002232670783996582
test_1878	0.0010392367839813232
test_1879	0.00107613205909729
test_1880	0.0009801387786865234
test_1881	0.0003840625286102295
test_1882	0.00033909082412719727
test_1883	0.0015200972557067871
test_1884	0.005062520503997803
test_1885	0.000492095947265625
test_1886	0.0006147623062133789
test_1887	0.002648383378982544
test_1888	0.01848617196083069
test_1889	0.0024851560592651367
test_1890	0.000892937183380127
test_1891	0.001769334077835083
test_1892	0.0006868243217468262
test_1893	0.000857621431350708
test_1894	0.39725738763809204
test_1895	0.0017975568771362305
test_1896	0.020585447549819946
test_1897	0.0021300315856933594
test_1898	0.0011500716209411621
test_1899	0.0018236637115478516
test_1900	0.00457426905632019
test_1901	0.00448271632194519
test_1902	0.0017749965190887451
test_1903	0.0011309683322906494
test_1904	0.0014651119709014893
test_1905	0.0007663071155548096
test_1906	0.0011445283889770508
test_1907	0.09432831406593323
test_1908	0.0015472471714019775
test_1909	0.0010553300380706787
test_1910	0.00045439600944519043
test_1911	0.002913355827331543
test_1912	0.9709535837173462
test_1913	0.0008727014064788818
test_1914	0.0007485151290893555
test_1915	0.000643998384475708
test_1916	0.0018045604228973389
test_1917	0.0013974308967590332
test_1918	0.0007288753986358643
test_1919	0.001876145601272583
test_1920	0.00029975175857543945
test_1921	0.0014027953147888184
test_1922	0.6042885184288025
test_1923	0.004864394664764404
test_1924	0.014558911323547363
test_1925	0.0011048614978790283
test_1926	0.0023077428340911865
test_1927	0.0037445425987243652
test_1928	0.9947417378425598
test_1929	0.006030291318893433
test_1930	0.003858894109725952
test_1931	0.01654893159866333
test_1932	0.0010257959365844727
test_1933	0.0004798769950866699
test_1934	0.003057241439819336
test_1935	0.9055105447769165
test_1936	0.0017781257629394531
test_1937	0.006097465753555298
test_1938	0.0003082752227783203
test_1939	0.006382405757904053
test_1940	0.0040840208530426025
test_1941	0.0012152791023254395
test_1942	0.0007827877998352051
test_1943	0.0021335184574127197
test_1944	0.004456222057342529
test_1945	0.0013288557529449463
test_1946	0.00106772780418396
test_1947	0.004294753074645996
test_1948	0.0007263123989105225
test_1949	0.017592430114746094
test_1950	0.0006874799728393555
test_1951	0.0013552308082580566
test_1952	0.0011906921863555908
test_1953	0.9104466438293457
test_1954	0.0007456839084625244
test_1955	0.001346677541732788
test_1956	0.0008989572525024414
test_1957	0.0008154213428497314
test_1958	0.019632279872894287
test_1959	0.005765348672866821
test_1960	0.7022030353546143
test_1961	0.0016813874244689941
test_1962	0.005546510219573975
test_1963	0.000611424446105957
test_1964	0.007495015859603882
test_1965	0.0017607510089874268
test_1966	0.0009336173534393311
test_1967	0.9345886707305908
test_1968	0.0025973618030548096
test_1969	0.0024392902851104736
test_1970	0.0017006993293762207
test_1971	0.0005592107772827148
test_1972	0.002058655023574829
test_1973	0.0007122457027435303
test_1974	0.001066058874130249
test_1975	0.0011591911315917969
test_1976	0.1454077661037445
test_1977	0.000487595796585083
test_1978	0.0015343427658081055
test_1979	0.0038679540157318115
test_1980	0.0036809146404266357
test_1981	0.0019179582595825195
test_1982	0.0024113357067108154
test_1983	0.0013979077339172363
test_1984	0.005181640386581421
test_1985	0.0063939690589904785
test_1986	0.003664344549179077
test_1987	0.6012433767318726
test_1988	0.000596165657043457
test_1989	0.0032541751861572266
test_1990	0.00686955451965332
test_1991	0.001000523567199707
test_1992	0.007763653993606567
test_1993	0.0005865395069122314
test_1994	0.002063363790512085
test_1995	0.0014761686325073242
test_1996	0.0010615289211273193
test_1997	0.0006424188613891602
test_1998	0.004187554121017456
test_1999	0.00021255016326904297
test_2000	0.0015655457973480225
test_2001	0.000951230525970459
test_2002	0.8774973154067993
test_2003	0.0013649463653564453
test_2004	0.001024395227432251
test_2005	0.0015295743942260742
test_2006	0.0006495416164398193
test_2007	0.0027942657470703125
test_2008	0.0008088648319244385
test_2009	0.0008513927459716797
test_2010	0.0025793910026550293
test_2011	0.0010002851486206055
test_2012	0.9570052623748779
test_2013	0.0007276237010955811
test_2014	0.0029048919677734375
test_2015	0.0005362629890441895
test_2016	0.0017809569835662842
test_2017	0.0040874481201171875
test_2018	0.005885303020477295
test_2019	0.0011413395404815674
test_2020	0.0015766620635986328
test_2021	0.0017185509204864502
test_2022	0.6962513327598572
test_2023	0.005845516920089722
test_2024	0.0006281435489654541
test_2025	0.0008063614368438721
test_2026	0.010183095932006836
test_2027	0.0070653557777404785
test_2028	0.0010741949081420898
test_2029	0.004682272672653198
test_2030	0.0026880502700805664
test_2031	0.0007035434246063232
test_2032	0.00024208426475524902
test_2033	0.6708215475082397
test_2034	0.009877830743789673
test_2035	0.0014452040195465088
test_2036	0.015555620193481445
test_2037	0.0017219483852386475
test_2038	0.0016519725322723389
test_2039	0.0017586946487426758
test_2040	0.012676328420639038
test_2041	0.001176983118057251
test_2042	0.0017213225364685059
test_2043	0.0009635090827941895
test_2044	0.0019204318523406982
test_2045	0.003889530897140503
test_2046	0.0021580159664154053
test_2047	0.000959545373916626
test_2048	0.0011962950229644775
test_2049	0.000976860523223877
test_2050	0.005370795726776123
test_2051	0.0011481642723083496
test_2052	0.0007110238075256348
test_2053	0.0009595155715942383
test_2054	0.0009901225566864014
test_2055	0.00075492262840271
test_2056	0.0017772018909454346
test_2057	0.005237400531768799
test_2058	0.009332835674285889
test_2059	0.006332218647003174
test_2060	0.0007472336292266846
test_2061	0.0020291805267333984
test_2062	0.0011385083198547363
test_2063	0.0013598501682281494
test_2064	0.0020543932914733887
test_2065	0.006683707237243652
test_2066	0.05540761351585388
test_2067	0.0038040578365325928
test_2068	0.0034572482109069824
test_2069	0.01103276014328003
test_2070	0.00155600905418396
test_2071	0.0012514889240264893
test_2072	0.9504119157791138
test_2073	0.0016662180423736572
test_2074	0.00435599684715271
test_2075	0.0292799174785614
test_2076	0.0007148087024688721
test_2077	0.0017729103565216064
test_2078	0.0017538964748382568
test_2079	0.0038213729858398438
test_2080	0.0017189085483551025
test_2081	0.0024040937423706055
test_2082	0.00019285082817077637
test_2083	0.00046437978744506836
test_2084	0.001404106616973877
test_2085	0.001030057668685913
test_2086	0.0012235045433044434
test_2087	0.000519484281539917
test_2088	0.016173362731933594
test_2089	0.006857544183731079
test_2090	0.0016710758209228516
test_2091	0.002144068479537964
test_2092	0.0012153983116149902
test_2093	0.0024010837078094482
test_2094	0.0006520450115203857
test_2095	0.00038892030715942383
test_2096	0.0019867420196533203
test_2097	0.001320481300354004
test_2098	0.012711912393569946
test_2099	0.0010687708854675293
test_2100	0.0008623301982879639
test_2101	0.0022852420806884766
test_2102	0.0028833746910095215
test_2103	0.0014138221740722656
test_2104	0.0014707446098327637
test_2105	0.03222006559371948
test_2106	0.001804739236831665
test_2107	0.0032044649124145508
test_2108	0.0033395886421203613
test_2109	0.0013334453105926514
test_2110	0.007394731044769287
test_2111	0.0009835362434387207
test_2112	0.009285837411880493
test_2113	0.0012082457542419434
test_2114	0.001662611961364746
test_2115	0.09836360812187195
test_2116	0.0031089186668395996
test_2117	0.0032843351364135742
test_2118	0.008259981870651245
test_2119	0.0018129050731658936
test_2120	0.001122891902923584
test_2121	0.0026086270809173584
test_2122	0.001227349042892456
test_2123	0.002669692039489746
test_2124	0.0025296807289123535
test_2125	0.0016889572143554688
test_2126	0.002031773328781128
test_2127	0.007006853818893433
test_2128	0.0006705224514007568
test_2129	0.001186370849609375
test_2130	0.003450155258178711
test_2131	0.0014778375625610352
test_2132	0.0005401670932769775
test_2133	0.0028519034385681152
test_2134	0.0011870861053466797
test_2135	0.002057105302810669
test_2136	0.0006459057331085205
test_2137	0.0011557042598724365
test_2138	0.0009216368198394775
test_2139	0.0013828575611114502
test_2140	0.9892687201499939
test_2141	0.005464017391204834
test_2142	0.0009803473949432373
test_2143	0.0013351738452911377
test_2144	0.0008245408535003662
test_2145	0.00680956244468689
test_2146	0.001884162425994873
test_2147	0.0011750757694244385
test_2148	0.0014531314373016357
test_2149	0.00038424134254455566
test_2150	0.005972027778625488
test_2151	0.0019325017929077148
test_2152	0.0009303689002990723
test_2153	0.009642839431762695
test_2154	0.0009898245334625244
test_2155	0.001375347375869751
test_2156	0.0006444454193115234
test_2157	0.0011453330516815186
test_2158	0.0045795440673828125
test_2159	0.0051368772983551025
test_2160	0.0009897053241729736
test_2161	0.006578296422958374
test_2162	0.011911600828170776
test_2163	0.9889862537384033
test_2164	0.006029993295669556
test_2165	0.0004353821277618408
test_2166	0.11164498329162598
test_2167	0.0029905736446380615
test_2168	0.0034009218215942383
test_2169	0.0016311109066009521
test_2170	0.000953376293182373
test_2171	0.002887219190597534
test_2172	0.0014655590057373047
test_2173	0.003950655460357666
test_2174	0.0007021725177764893
test_2175	0.007340669631958008
test_2176	0.8729914426803589
test_2177	0.003314793109893799
test_2178	0.018121391534805298
test_2179	0.001469731330871582
test_2180	0.0019255578517913818
test_2181	0.0019548237323760986
test_2182	0.0013985633850097656
test_2183	0.0051032304763793945
test_2184	0.1830849051475525
test_2185	0.002408266067504883
test_2186	0.0005905032157897949
test_2187	0.0008710920810699463
test_2188	0.0030273497104644775
test_2189	0.002665966749191284
test_2190	0.0004833638668060303
test_2191	0.000828176736831665
test_2192	0.0009391307830810547
test_2193	0.004793494939804077
test_2194	0.001904219388961792
test_2195	0.0005614161491394043
test_2196	0.002208113670349121
test_2197	0.47838863730430603
test_2198	0.001049816608428955
test_2199	0.01301884651184082
test_2200	0.0015265047550201416
test_2201	0.0013738572597503662
test_2202	0.0014545619487762451
test_2203	0.0006385147571563721
test_2204	0.003967702388763428
test_2205	0.0006801784038543701
test_2206	0.0006428062915802002
test_2207	0.12122032046318054
test_2208	0.0037806034088134766
test_2209	0.9845747947692871
test_2210	0.2961081266403198
test_2211	0.001877427101135254
test_2212	0.0011454522609710693
test_2213	0.0045653581619262695
test_2214	0.003379642963409424
test_2215	0.9779956340789795
test_2216	0.0009119808673858643
test_2217	0.000420987606048584
test_2218	0.002550274133682251
test_2219	0.0004998743534088135
test_2220	0.0009811222553253174
test_2221	0.0032857954502105713
test_2222	0.0018598735332489014
test_2223	0.0054385364055633545
test_2224	0.0031288564205169678
test_2225	0.00069466233253479
test_2226	0.004081040620803833
test_2227	0.0012247264385223389
test_2228	0.0010307133197784424
test_2229	0.0008372962474822998
test_2230	0.0022607743740081787
test_2231	0.003010094165802002
test_2232	0.0004458427429199219
test_2233	0.0012309849262237549
test_2234	0.004576236009597778
test_2235	0.0008809864521026611
test_2236	0.0011316537857055664
test_2237	0.0009097754955291748
test_2238	0.006575524806976318
test_2239	0.001553863286972046
test_2240	0.0007228255271911621
test_2241	0.005357593297958374
test_2242	0.0008304715156555176
test_2243	0.0013387203216552734
test_2244	0.0006377696990966797
test_2245	0.0016883313655853271
test_2246	0.0017306506633758545
test_2247	0.0015361011028289795
test_2248	0.002707540988922119
test_2249	0.0013807415962219238
test_2250	0.0008108913898468018
test_2251	0.0008555948734283447
test_2252	0.009014278650283813
test_2253	0.0023812055587768555
test_2254	0.001836240291595459
test_2255	0.0010119974613189697
test_2256	0.002253115177154541
test_2257	0.005647987127304077
test_2258	0.006367892026901245
test_2259	0.0015925168991088867
test_2260	0.0018601417541503906
test_2261	0.0030273795127868652
test_2262	0.001098930835723877
test_2263	0.0007485747337341309
test_2264	0.9859156012535095
test_2265	0.9915741682052612
test_2266	0.0007548332214355469
test_2267	0.0011000335216522217
test_2268	0.024947524070739746
test_2269	0.0009326040744781494
test_2270	0.0003337562084197998
test_2271	0.00112876296043396
test_2272	0.002695024013519287
test_2273	0.0020069777965545654
test_2274	0.004386216402053833
test_2275	0.005600184202194214
test_2276	0.0011683404445648193
test_2277	0.002007514238357544
test_2278	0.0014401078224182129
test_2279	0.0009942948818206787
test_2280	0.0017551183700561523
test_2281	0.0006416440010070801
test_2282	0.0029783546924591064
test_2283	0.0008941292762756348
test_2284	0.0004884302616119385
test_2285	0.0020305216312408447
test_2286	0.0005997419357299805
test_2287	0.0007072687149047852
test_2288	0.01394742727279663
test_2289	0.01399695873260498
test_2290	0.0015688538551330566
test_2291	0.0019416511058807373
test_2292	0.0013471543788909912
test_2293	0.002362191677093506
test_2294	0.0015613436698913574
test_2295	0.0012527704238891602
test_2296	0.001023411750793457
test_2297	0.004063516855239868
test_2298	0.001124948263168335
test_2299	0.0011776089668273926
